algorithm,instance_class,seed,generation,best_makespan
GA,average,1,0,82
GA,average,1,1,82
GA,average,1,2,82
GA,average,1,3,82
GA,average,1,4,82
GA,average,1,5,82
GA,average,1,6,82
GA,average,1,7,82
GA,average,1,8,82
GA,average,1,9,82
GA,average,1,10,82
GA,average,1,11,82
GA,average,1,12,82
GA,average,1,13,82
GA,average,1,14,82
GA,average,1,15,82
GA,average,1,16,82
GA,average,1,17,82
GA,average,1,18,82
GA,average,1,19,82
GA,average,1,20,82
GA,average,1,21,82
GA,average,1,22,82
GA,average,1,23,82
GA,average,1,24,82
GA,average,1,25,82
GA,average,1,26,82
GA,average,1,27,82
GA,average,1,28,82
GA,average,1,29,82
GA,average,1,30,82
GA,average,1,31,82
GA,average,1,32,82
GA,average,1,33,82
GA,average,1,34,82
GA,average,1,35,82
GA,average,1,36,82
GA,average,1,37,82
GA,average,1,38,82
GA,average,1,39,82
GA,average,1,40,82
GA,average,1,41,82
GA,average,1,42,82
GA,average,1,43,82
GA,average,1,44,82
GA,average,1,45,82
GA,average,1,46,82
GA,average,1,47,82
GA,average,1,48,82
GA,average,1,49,82
GA,average,1,50,82
GA,average,1,51,82
GA,average,1,52,82
GA,average,1,53,82
GA,average,1,54,82
GA,average,1,55,81
GA,average,1,56,81
GA,average,1,57,81
GA,average,1,58,81
GA,average,1,59,81
GA,average,1,60,81
GA,average,1,61,81
GA,average,1,62,81
GA,average,1,63,81
GA,average,1,64,81
GA,average,1,65,81
GA,average,1,66,81
GA,average,1,67,81
GA,average,1,68,81
GA,average,1,69,81
GA,average,1,70,81
GA,average,1,71,81
GA,average,1,72,81
GA,average,1,73,81
GA,average,1,74,81
GA,average,1,75,81
GA,average,1,76,81
GA,average,1,77,81
GA,average,1,78,81
GA,average,1,79,81
GA,average,1,80,81
SLGA,average,1,0,82
SLGA,average,1,1,82
SLGA,average,1,2,82
SLGA,average,1,3,82
SLGA,average,1,4,82
SLGA,average,1,5,82
SLGA,average,1,6,82
SLGA,average,1,7,82
SLGA,average,1,8,82
SLGA,average,1,9,82
SLGA,average,1,10,82
SLGA,average,1,11,82
SLGA,average,1,12,82
SLGA,average,1,13,82
SLGA,average,1,14,82
SLGA,average,1,15,82
SLGA,average,1,16,82
SLGA,average,1,17,82
SLGA,average,1,18,82
SLGA,average,1,19,82
SLGA,average,1,20,82
SLGA,average,1,21,82
SLGA,average,1,22,82
SLGA,average,1,23,82
SLGA,average,1,24,82
SLGA,average,1,25,82
SLGA,average,1,26,82
SLGA,average,1,27,82
SLGA,average,1,28,82
SLGA,average,1,29,82
SLGA,average,1,30,82
SLGA,average,1,31,82
SLGA,average,1,32,82
SLGA,average,1,33,80
SLGA,average,1,34,80
SLGA,average,1,35,80
SLGA,average,1,36,80
SLGA,average,1,37,80
SLGA,average,1,38,80
SLGA,average,1,39,80
SLGA,average,1,40,80
SLGA,average,1,41,80
SLGA,average,1,42,80
SLGA,average,1,43,80
SLGA,average,1,44,80
SLGA,average,1,45,80
SLGA,average,1,46,80
SLGA,average,1,47,79
SLGA,average,1,48,79
SLGA,average,1,49,79
SLGA,average,1,50,79
SLGA,average,1,51,79
SLGA,average,1,52,79
SLGA,average,1,53,79
SLGA,average,1,54,79
SLGA,average,1,55,79
SLGA,average,1,56,79
SLGA,average,1,57,79
SLGA,average,1,58,79
SLGA,average,1,59,79
SLGA,average,1,60,79
SLGA,average,1,61,79
SLGA,average,1,62,79
SLGA,average,1,63,79
SLGA,average,1,64,79
SLGA,average,1,65,79
SLGA,average,1,66,79
SLGA,average,1,67,79
SLGA,average,1,68,79
SLGA,average,1,69,79
SLGA,average,1,70,79
SLGA,average,1,71,79
SLGA,average,1,72,79
SLGA,average,1,73,79
SLGA,average,1,74,79
SLGA,average,1,75,79
SLGA,average,1,76,79
SLGA,average,1,77,79
SLGA,average,1,78,79
SLGA,average,1,79,79
SLGA,average,1,80,79
GA,average,2,0,109
GA,average,2,1,109
GA,average,2,2,109
GA,average,2,3,109
GA,average,2,4,109
GA,average,2,5,109
GA,average,2,6,109
GA,average,2,7,109
GA,average,2,8,103
GA,average,2,9,103
GA,average,2,10,103
GA,average,2,11,103
GA,average,2,12,103
GA,average,2,13,103
GA,average,2,14,103
GA,average,2,15,103
GA,average,2,16,102
GA,average,2,17,102
GA,average,2,18,102
GA,average,2,19,101
GA,average,2,20,101
GA,average,2,21,101
GA,average,2,22,101
GA,average,2,23,101
GA,average,2,24,101
GA,average,2,25,101
GA,average,2,26,101
GA,average,2,27,101
GA,average,2,28,101
GA,average,2,29,101
GA,average,2,30,101
GA,average,2,31,101
GA,average,2,32,101
GA,average,2,33,101
GA,average,2,34,101
GA,average,2,35,101
GA,average,2,36,101
GA,average,2,37,101
GA,average,2,38,100
GA,average,2,39,100
GA,average,2,40,100
GA,average,2,41,100
GA,average,2,42,100
GA,average,2,43,100
GA,average,2,44,100
GA,average,2,45,100
GA,average,2,46,94
GA,average,2,47,94
GA,average,2,48,94
GA,average,2,49,94
GA,average,2,50,94
GA,average,2,51,94
GA,average,2,52,94
GA,average,2,53,94
GA,average,2,54,94
GA,average,2,55,94
GA,average,2,56,92
GA,average,2,57,92
GA,average,2,58,92
GA,average,2,59,92
GA,average,2,60,92
GA,average,2,61,92
GA,average,2,62,92
GA,average,2,63,92
GA,average,2,64,92
GA,average,2,65,92
GA,average,2,66,92
GA,average,2,67,92
GA,average,2,68,92
GA,average,2,69,92
GA,average,2,70,92
GA,average,2,71,92
GA,average,2,72,92
GA,average,2,73,92
GA,average,2,74,92
GA,average,2,75,92
GA,average,2,76,92
GA,average,2,77,92
GA,average,2,78,92
GA,average,2,79,92
GA,average,2,80,92
SLGA,average,2,0,109
SLGA,average,2,1,109
SLGA,average,2,2,109
SLGA,average,2,3,103
SLGA,average,2,4,103
SLGA,average,2,5,103
SLGA,average,2,6,103
SLGA,average,2,7,103
SLGA,average,2,8,100
SLGA,average,2,9,100
SLGA,average,2,10,100
SLGA,average,2,11,100
SLGA,average,2,12,99
SLGA,average,2,13,99
SLGA,average,2,14,94
SLGA,average,2,15,94
SLGA,average,2,16,94
SLGA,average,2,17,94
SLGA,average,2,18,94
SLGA,average,2,19,94
SLGA,average,2,20,94
SLGA,average,2,21,94
SLGA,average,2,22,94
SLGA,average,2,23,94
SLGA,average,2,24,94
SLGA,average,2,25,94
SLGA,average,2,26,94
SLGA,average,2,27,94
SLGA,average,2,28,94
SLGA,average,2,29,94
SLGA,average,2,30,94
SLGA,average,2,31,94
SLGA,average,2,32,94
SLGA,average,2,33,94
SLGA,average,2,34,94
SLGA,average,2,35,94
SLGA,average,2,36,94
SLGA,average,2,37,94
SLGA,average,2,38,94
SLGA,average,2,39,94
SLGA,average,2,40,94
SLGA,average,2,41,94
SLGA,average,2,42,94
SLGA,average,2,43,94
SLGA,average,2,44,94
SLGA,average,2,45,94
SLGA,average,2,46,94
SLGA,average,2,47,94
SLGA,average,2,48,94
SLGA,average,2,49,94
SLGA,average,2,50,94
SLGA,average,2,51,94
SLGA,average,2,52,94
SLGA,average,2,53,94
SLGA,average,2,54,94
SLGA,average,2,55,94
SLGA,average,2,56,94
SLGA,average,2,57,94
SLGA,average,2,58,94
SLGA,average,2,59,94
SLGA,average,2,60,94
SLGA,average,2,61,94
SLGA,average,2,62,94
SLGA,average,2,63,94
SLGA,average,2,64,94
SLGA,average,2,65,94
SLGA,average,2,66,94
SLGA,average,2,67,94
SLGA,average,2,68,94
SLGA,average,2,69,94
SLGA,average,2,70,94
SLGA,average,2,71,94
SLGA,average,2,72,94
SLGA,average,2,73,94
SLGA,average,2,74,94
SLGA,average,2,75,94
SLGA,average,2,76,94
SLGA,average,2,77,94
SLGA,average,2,78,94
SLGA,average,2,79,94
SLGA,average,2,80,94
GA,average,3,0,96
GA,average,3,1,96
GA,average,3,2,96
GA,average,3,3,96
GA,average,3,4,96
GA,average,3,5,96
GA,average,3,6,96
GA,average,3,7,96
GA,average,3,8,96
GA,average,3,9,96
GA,average,3,10,96
GA,average,3,11,96
GA,average,3,12,96
GA,average,3,13,96
GA,average,3,14,96
GA,average,3,15,96
GA,average,3,16,96
GA,average,3,17,96
GA,average,3,18,96
GA,average,3,19,96
GA,average,3,20,96
GA,average,3,21,96
GA,average,3,22,96
GA,average,3,23,96
GA,average,3,24,96
GA,average,3,25,96
GA,average,3,26,96
GA,average,3,27,96
GA,average,3,28,96
GA,average,3,29,96
GA,average,3,30,96
GA,average,3,31,96
GA,average,3,32,96
GA,average,3,33,96
GA,average,3,34,96
GA,average,3,35,96
GA,average,3,36,96
GA,average,3,37,96
GA,average,3,38,96
GA,average,3,39,96
GA,average,3,40,96
GA,average,3,41,96
GA,average,3,42,96
GA,average,3,43,96
GA,average,3,44,96
GA,average,3,45,96
GA,average,3,46,96
GA,average,3,47,96
GA,average,3,48,96
GA,average,3,49,96
GA,average,3,50,96
GA,average,3,51,96
GA,average,3,52,96
GA,average,3,53,96
GA,average,3,54,96
GA,average,3,55,96
GA,average,3,56,96
GA,average,3,57,96
GA,average,3,58,96
GA,average,3,59,96
GA,average,3,60,96
GA,average,3,61,96
GA,average,3,62,96
GA,average,3,63,96
GA,average,3,64,96
GA,average,3,65,96
GA,average,3,66,96
GA,average,3,67,96
GA,average,3,68,96
GA,average,3,69,96
GA,average,3,70,96
GA,average,3,71,96
GA,average,3,72,96
GA,average,3,73,96
GA,average,3,74,96
GA,average,3,75,96
GA,average,3,76,96
GA,average,3,77,96
GA,average,3,78,96
GA,average,3,79,96
GA,average,3,80,96
SLGA,average,3,0,96
SLGA,average,3,1,96
SLGA,average,3,2,96
SLGA,average,3,3,96
SLGA,average,3,4,96
SLGA,average,3,5,96
SLGA,average,3,6,96
SLGA,average,3,7,96
SLGA,average,3,8,96
SLGA,average,3,9,96
SLGA,average,3,10,96
SLGA,average,3,11,96
SLGA,average,3,12,96
SLGA,average,3,13,96
SLGA,average,3,14,96
SLGA,average,3,15,96
SLGA,average,3,16,96
SLGA,average,3,17,96
SLGA,average,3,18,96
SLGA,average,3,19,96
SLGA,average,3,20,96
SLGA,average,3,21,96
SLGA,average,3,22,96
SLGA,average,3,23,96
SLGA,average,3,24,96
SLGA,average,3,25,96
SLGA,average,3,26,96
SLGA,average,3,27,96
SLGA,average,3,28,96
SLGA,average,3,29,96
SLGA,average,3,30,96
SLGA,average,3,31,96
SLGA,average,3,32,96
SLGA,average,3,33,96
SLGA,average,3,34,96
SLGA,average,3,35,96
SLGA,average,3,36,96
SLGA,average,3,37,96
SLGA,average,3,38,96
SLGA,average,3,39,96
SLGA,average,3,40,96
SLGA,average,3,41,96
SLGA,average,3,42,96
SLGA,average,3,43,96
SLGA,average,3,44,96
SLGA,average,3,45,96
SLGA,average,3,46,96
SLGA,average,3,47,96
SLGA,average,3,48,96
SLGA,average,3,49,96
SLGA,average,3,50,96
SLGA,average,3,51,96
SLGA,average,3,52,96
SLGA,average,3,53,96
SLGA,average,3,54,96
SLGA,average,3,55,96
SLGA,average,3,56,96
SLGA,average,3,57,96
SLGA,average,3,58,96
SLGA,average,3,59,96
SLGA,average,3,60,96
SLGA,average,3,61,96
SLGA,average,3,62,96
SLGA,average,3,63,96
SLGA,average,3,64,96
SLGA,average,3,65,96
SLGA,average,3,66,96
SLGA,average,3,67,96
SLGA,average,3,68,96
SLGA,average,3,69,96
SLGA,average,3,70,96
SLGA,average,3,71,96
SLGA,average,3,72,96
SLGA,average,3,73,96
SLGA,average,3,74,96
SLGA,average,3,75,96
SLGA,average,3,76,96
SLGA,average,3,77,96
SLGA,average,3,78,96
SLGA,average,3,79,96
SLGA,average,3,80,96
GA,average,4,0,115
GA,average,4,1,115
GA,average,4,2,115
GA,average,4,3,115
GA,average,4,4,115
GA,average,4,5,115
GA,average,4,6,115
GA,average,4,7,115
GA,average,4,8,115
GA,average,4,9,115
GA,average,4,10,115
GA,average,4,11,115
GA,average,4,12,115
GA,average,4,13,115
GA,average,4,14,115
GA,average,4,15,115
GA,average,4,16,115
GA,average,4,17,115
GA,average,4,18,115
GA,average,4,19,115
GA,average,4,20,115
GA,average,4,21,115
GA,average,4,22,115
GA,average,4,23,115
GA,average,4,24,115
GA,average,4,25,115
GA,average,4,26,115
GA,average,4,27,115
GA,average,4,28,115
GA,average,4,29,115
GA,average,4,30,115
GA,average,4,31,115
GA,average,4,32,115
GA,average,4,33,115
GA,average,4,34,115
GA,average,4,35,115
GA,average,4,36,115
GA,average,4,37,115
GA,average,4,38,115
GA,average,4,39,115
GA,average,4,40,115
GA,average,4,41,115
GA,average,4,42,115
GA,average,4,43,115
GA,average,4,44,115
GA,average,4,45,115
GA,average,4,46,115
GA,average,4,47,115
GA,average,4,48,115
GA,average,4,49,115
GA,average,4,50,115
GA,average,4,51,115
GA,average,4,52,115
GA,average,4,53,115
GA,average,4,54,115
GA,average,4,55,115
GA,average,4,56,115
GA,average,4,57,115
GA,average,4,58,115
GA,average,4,59,115
GA,average,4,60,115
GA,average,4,61,115
GA,average,4,62,115
GA,average,4,63,115
GA,average,4,64,115
GA,average,4,65,115
GA,average,4,66,115
GA,average,4,67,115
GA,average,4,68,115
GA,average,4,69,115
GA,average,4,70,115
GA,average,4,71,115
GA,average,4,72,115
GA,average,4,73,115
GA,average,4,74,115
GA,average,4,75,115
GA,average,4,76,115
GA,average,4,77,115
GA,average,4,78,115
GA,average,4,79,115
GA,average,4,80,115
SLGA,average,4,0,115
SLGA,average,4,1,115
SLGA,average,4,2,115
SLGA,average,4,3,115
SLGA,average,4,4,115
SLGA,average,4,5,115
SLGA,average,4,6,115
SLGA,average,4,7,115
SLGA,average,4,8,115
SLGA,average,4,9,115
SLGA,average,4,10,115
SLGA,average,4,11,115
SLGA,average,4,12,115
SLGA,average,4,13,115
SLGA,average,4,14,115
SLGA,average,4,15,115
SLGA,average,4,16,115
SLGA,average,4,17,115
SLGA,average,4,18,115
SLGA,average,4,19,115
SLGA,average,4,20,115
SLGA,average,4,21,115
SLGA,average,4,22,115
SLGA,average,4,23,115
SLGA,average,4,24,115
SLGA,average,4,25,115
SLGA,average,4,26,115
SLGA,average,4,27,115
SLGA,average,4,28,115
SLGA,average,4,29,115
SLGA,average,4,30,115
SLGA,average,4,31,115
SLGA,average,4,32,115
SLGA,average,4,33,115
SLGA,average,4,34,115
SLGA,average,4,35,115
SLGA,average,4,36,115
SLGA,average,4,37,115
SLGA,average,4,38,115
SLGA,average,4,39,115
SLGA,average,4,40,115
SLGA,average,4,41,115
SLGA,average,4,42,115
SLGA,average,4,43,115
SLGA,average,4,44,115
SLGA,average,4,45,115
SLGA,average,4,46,115
SLGA,average,4,47,115
SLGA,average,4,48,115
SLGA,average,4,49,115
SLGA,average,4,50,115
SLGA,average,4,51,115
SLGA,average,4,52,115
SLGA,average,4,53,115
SLGA,average,4,54,115
SLGA,average,4,55,115
SLGA,average,4,56,115
SLGA,average,4,57,115
SLGA,average,4,58,115
SLGA,average,4,59,115
SLGA,average,4,60,115
SLGA,average,4,61,115
SLGA,average,4,62,115
SLGA,average,4,63,115
SLGA,average,4,64,115
SLGA,average,4,65,115
SLGA,average,4,66,115
SLGA,average,4,67,115
SLGA,average,4,68,115
SLGA,average,4,69,115
SLGA,average,4,70,115
SLGA,average,4,71,115
SLGA,average,4,72,115
SLGA,average,4,73,115
SLGA,average,4,74,115
SLGA,average,4,75,115
SLGA,average,4,76,115
SLGA,average,4,77,115
SLGA,average,4,78,115
SLGA,average,4,79,115
SLGA,average,4,80,115
GA,average,5,0,93
GA,average,5,1,93
GA,average,5,2,93
GA,average,5,3,93
GA,average,5,4,93
GA,average,5,5,93
GA,average,5,6,93
GA,average,5,7,93
GA,average,5,8,93
GA,average,5,9,93
GA,average,5,10,93
GA,average,5,11,93
GA,average,5,12,93
GA,average,5,13,93
GA,average,5,14,93
GA,average,5,15,93
GA,average,5,16,93
GA,average,5,17,93
GA,average,5,18,93
GA,average,5,19,93
GA,average,5,20,93
GA,average,5,21,93
GA,average,5,22,93
GA,average,5,23,93
GA,average,5,24,93
GA,average,5,25,93
GA,average,5,26,93
GA,average,5,27,93
GA,average,5,28,93
GA,average,5,29,93
GA,average,5,30,93
GA,average,5,31,93
GA,average,5,32,93
GA,average,5,33,93
GA,average,5,34,93
GA,average,5,35,93
GA,average,5,36,93
GA,average,5,37,93
GA,average,5,38,93
GA,average,5,39,93
GA,average,5,40,93
GA,average,5,41,93
GA,average,5,42,93
GA,average,5,43,93
GA,average,5,44,93
GA,average,5,45,93
GA,average,5,46,93
GA,average,5,47,93
GA,average,5,48,93
GA,average,5,49,93
GA,average,5,50,93
GA,average,5,51,93
GA,average,5,52,93
GA,average,5,53,93
GA,average,5,54,93
GA,average,5,55,93
GA,average,5,56,93
GA,average,5,57,93
GA,average,5,58,93
GA,average,5,59,93
GA,average,5,60,93
GA,average,5,61,93
GA,average,5,62,93
GA,average,5,63,93
GA,average,5,64,93
GA,average,5,65,93
GA,average,5,66,93
GA,average,5,67,92
GA,average,5,68,92
GA,average,5,69,92
GA,average,5,70,92
GA,average,5,71,92
GA,average,5,72,92
GA,average,5,73,92
GA,average,5,74,92
GA,average,5,75,92
GA,average,5,76,92
GA,average,5,77,92
GA,average,5,78,92
GA,average,5,79,92
GA,average,5,80,92
SLGA,average,5,0,93
SLGA,average,5,1,93
SLGA,average,5,2,93
SLGA,average,5,3,93
SLGA,average,5,4,93
SLGA,average,5,5,93
SLGA,average,5,6,93
SLGA,average,5,7,93
SLGA,average,5,8,93
SLGA,average,5,9,93
SLGA,average,5,10,93
SLGA,average,5,11,93
SLGA,average,5,12,93
SLGA,average,5,13,93
SLGA,average,5,14,93
SLGA,average,5,15,93
SLGA,average,5,16,93
SLGA,average,5,17,93
SLGA,average,5,18,93
SLGA,average,5,19,93
SLGA,average,5,20,93
SLGA,average,5,21,93
SLGA,average,5,22,93
SLGA,average,5,23,93
SLGA,average,5,24,93
SLGA,average,5,25,93
SLGA,average,5,26,93
SLGA,average,5,27,93
SLGA,average,5,28,93
SLGA,average,5,29,93
SLGA,average,5,30,93
SLGA,average,5,31,93
SLGA,average,5,32,93
SLGA,average,5,33,93
SLGA,average,5,34,93
SLGA,average,5,35,93
SLGA,average,5,36,93
SLGA,average,5,37,93
SLGA,average,5,38,93
SLGA,average,5,39,93
SLGA,average,5,40,93
SLGA,average,5,41,93
SLGA,average,5,42,93
SLGA,average,5,43,93
SLGA,average,5,44,93
SLGA,average,5,45,93
SLGA,average,5,46,93
SLGA,average,5,47,93
SLGA,average,5,48,93
SLGA,average,5,49,93
SLGA,average,5,50,93
SLGA,average,5,51,93
SLGA,average,5,52,93
SLGA,average,5,53,93
SLGA,average,5,54,93
SLGA,average,5,55,93
SLGA,average,5,56,93
SLGA,average,5,57,93
SLGA,average,5,58,93
SLGA,average,5,59,93
SLGA,average,5,60,93
SLGA,average,5,61,93
SLGA,average,5,62,93
SLGA,average,5,63,93
SLGA,average,5,64,93
SLGA,average,5,65,93
SLGA,average,5,66,93
SLGA,average,5,67,93
SLGA,average,5,68,93
SLGA,average,5,69,93
SLGA,average,5,70,93
SLGA,average,5,71,93
SLGA,average,5,72,93
SLGA,average,5,73,93
SLGA,average,5,74,93
SLGA,average,5,75,93
SLGA,average,5,76,93
SLGA,average,5,77,93
SLGA,average,5,78,93
SLGA,average,5,79,93
SLGA,average,5,80,93
GA,low_flexibility,1,0,141
GA,low_flexibility,1,1,141
GA,low_flexibility,1,2,141
GA,low_flexibility,1,3,141
GA,low_flexibility,1,4,141
GA,low_flexibility,1,5,141
GA,low_flexibility,1,6,141
GA,low_flexibility,1,7,141
GA,low_flexibility,1,8,141
GA,low_flexibility,1,9,137
GA,low_flexibility,1,10,137
GA,low_flexibility,1,11,136
GA,low_flexibility,1,12,136
GA,low_flexibility,1,13,136
GA,low_flexibility,1,14,136
GA,low_flexibility,1,15,136
GA,low_flexibility,1,16,135
GA,low_flexibility,1,17,135
GA,low_flexibility,1,18,135
GA,low_flexibility,1,19,135
GA,low_flexibility,1,20,135
GA,low_flexibility,1,21,134
GA,low_flexibility,1,22,134
GA,low_flexibility,1,23,130
GA,low_flexibility,1,24,130
GA,low_flexibility,1,25,130
GA,low_flexibility,1,26,130
GA,low_flexibility,1,27,130
GA,low_flexibility,1,28,130
GA,low_flexibility,1,29,130
GA,low_flexibility,1,30,130
GA,low_flexibility,1,31,130
GA,low_flexibility,1,32,130
GA,low_flexibility,1,33,122
GA,low_flexibility,1,34,122
GA,low_flexibility,1,35,122
GA,low_flexibility,1,36,122
GA,low_flexibility,1,37,122
GA,low_flexibility,1,38,122
GA,low_flexibility,1,39,122
GA,low_flexibility,1,40,122
GA,low_flexibility,1,41,122
GA,low_flexibility,1,42,122
GA,low_flexibility,1,43,122
GA,low_flexibility,1,44,122
GA,low_flexibility,1,45,122
GA,low_flexibility,1,46,122
GA,low_flexibility,1,47,122
GA,low_flexibility,1,48,122
GA,low_flexibility,1,49,122
GA,low_flexibility,1,50,122
GA,low_flexibility,1,51,122
GA,low_flexibility,1,52,122
GA,low_flexibility,1,53,122
GA,low_flexibility,1,54,122
GA,low_flexibility,1,55,122
GA,low_flexibility,1,56,122
GA,low_flexibility,1,57,122
GA,low_flexibility,1,58,122
GA,low_flexibility,1,59,122
GA,low_flexibility,1,60,122
GA,low_flexibility,1,61,122
GA,low_flexibility,1,62,122
GA,low_flexibility,1,63,122
GA,low_flexibility,1,64,122
GA,low_flexibility,1,65,122
GA,low_flexibility,1,66,122
GA,low_flexibility,1,67,122
GA,low_flexibility,1,68,122
GA,low_flexibility,1,69,122
GA,low_flexibility,1,70,122
GA,low_flexibility,1,71,122
GA,low_flexibility,1,72,122
GA,low_flexibility,1,73,122
GA,low_flexibility,1,74,122
GA,low_flexibility,1,75,122
GA,low_flexibility,1,76,122
GA,low_flexibility,1,77,122
GA,low_flexibility,1,78,122
GA,low_flexibility,1,79,122
GA,low_flexibility,1,80,122
SLGA,low_flexibility,1,0,141
SLGA,low_flexibility,1,1,140
SLGA,low_flexibility,1,2,140
SLGA,low_flexibility,1,3,140
SLGA,low_flexibility,1,4,140
SLGA,low_flexibility,1,5,138
SLGA,low_flexibility,1,6,132
SLGA,low_flexibility,1,7,132
SLGA,low_flexibility,1,8,132
SLGA,low_flexibility,1,9,132
SLGA,low_flexibility,1,10,132
SLGA,low_flexibility,1,11,132
SLGA,low_flexibility,1,12,132
SLGA,low_flexibility,1,13,132
SLGA,low_flexibility,1,14,129
SLGA,low_flexibility,1,15,129
SLGA,low_flexibility,1,16,129
SLGA,low_flexibility,1,17,129
SLGA,low_flexibility,1,18,129
SLGA,low_flexibility,1,19,129
SLGA,low_flexibility,1,20,129
SLGA,low_flexibility,1,21,129
SLGA,low_flexibility,1,22,129
SLGA,low_flexibility,1,23,129
SLGA,low_flexibility,1,24,129
SLGA,low_flexibility,1,25,129
SLGA,low_flexibility,1,26,129
SLGA,low_flexibility,1,27,129
SLGA,low_flexibility,1,28,129
SLGA,low_flexibility,1,29,129
SLGA,low_flexibility,1,30,129
SLGA,low_flexibility,1,31,129
SLGA,low_flexibility,1,32,129
SLGA,low_flexibility,1,33,129
SLGA,low_flexibility,1,34,129
SLGA,low_flexibility,1,35,125
SLGA,low_flexibility,1,36,125
SLGA,low_flexibility,1,37,125
SLGA,low_flexibility,1,38,125
SLGA,low_flexibility,1,39,125
SLGA,low_flexibility,1,40,125
SLGA,low_flexibility,1,41,125
SLGA,low_flexibility,1,42,125
SLGA,low_flexibility,1,43,125
SLGA,low_flexibility,1,44,125
SLGA,low_flexibility,1,45,125
SLGA,low_flexibility,1,46,125
SLGA,low_flexibility,1,47,125
SLGA,low_flexibility,1,48,125
SLGA,low_flexibility,1,49,125
SLGA,low_flexibility,1,50,125
SLGA,low_flexibility,1,51,125
SLGA,low_flexibility,1,52,125
SLGA,low_flexibility,1,53,125
SLGA,low_flexibility,1,54,125
SLGA,low_flexibility,1,55,125
SLGA,low_flexibility,1,56,125
SLGA,low_flexibility,1,57,125
SLGA,low_flexibility,1,58,125
SLGA,low_flexibility,1,59,125
SLGA,low_flexibility,1,60,125
SLGA,low_flexibility,1,61,125
SLGA,low_flexibility,1,62,125
SLGA,low_flexibility,1,63,125
SLGA,low_flexibility,1,64,125
SLGA,low_flexibility,1,65,125
SLGA,low_flexibility,1,66,125
SLGA,low_flexibility,1,67,125
SLGA,low_flexibility,1,68,125
SLGA,low_flexibility,1,69,125
SLGA,low_flexibility,1,70,125
SLGA,low_flexibility,1,71,125
SLGA,low_flexibility,1,72,125
SLGA,low_flexibility,1,73,125
SLGA,low_flexibility,1,74,125
SLGA,low_flexibility,1,75,125
SLGA,low_flexibility,1,76,125
SLGA,low_flexibility,1,77,125
SLGA,low_flexibility,1,78,125
SLGA,low_flexibility,1,79,125
SLGA,low_flexibility,1,80,125
GA,low_flexibility,2,0,142
GA,low_flexibility,2,1,142
GA,low_flexibility,2,2,142
GA,low_flexibility,2,3,142
GA,low_flexibility,2,4,142
GA,low_flexibility,2,5,142
GA,low_flexibility,2,6,142
GA,low_flexibility,2,7,142
GA,low_flexibility,2,8,142
GA,low_flexibility,2,9,142
GA,low_flexibility,2,10,142
GA,low_flexibility,2,11,142
GA,low_flexibility,2,12,142
GA,low_flexibility,2,13,142
GA,low_flexibility,2,14,142
GA,low_flexibility,2,15,142
GA,low_flexibility,2,16,142
GA,low_flexibility,2,17,142
GA,low_flexibility,2,18,142
GA,low_flexibility,2,19,142
GA,low_flexibility,2,20,142
GA,low_flexibility,2,21,142
GA,low_flexibility,2,22,142
GA,low_flexibility,2,23,142
GA,low_flexibility,2,24,142
GA,low_flexibility,2,25,142
GA,low_flexibility,2,26,142
GA,low_flexibility,2,27,142
GA,low_flexibility,2,28,142
GA,low_flexibility,2,29,142
GA,low_flexibility,2,30,142
GA,low_flexibility,2,31,142
GA,low_flexibility,2,32,142
GA,low_flexibility,2,33,142
GA,low_flexibility,2,34,142
GA,low_flexibility,2,35,142
GA,low_flexibility,2,36,142
GA,low_flexibility,2,37,142
GA,low_flexibility,2,38,142
GA,low_flexibility,2,39,142
GA,low_flexibility,2,40,142
GA,low_flexibility,2,41,142
GA,low_flexibility,2,42,142
GA,low_flexibility,2,43,142
GA,low_flexibility,2,44,142
GA,low_flexibility,2,45,142
GA,low_flexibility,2,46,142
GA,low_flexibility,2,47,142
GA,low_flexibility,2,48,142
GA,low_flexibility,2,49,142
GA,low_flexibility,2,50,142
GA,low_flexibility,2,51,142
GA,low_flexibility,2,52,142
GA,low_flexibility,2,53,142
GA,low_flexibility,2,54,142
GA,low_flexibility,2,55,142
GA,low_flexibility,2,56,142
GA,low_flexibility,2,57,142
GA,low_flexibility,2,58,142
GA,low_flexibility,2,59,142
GA,low_flexibility,2,60,142
GA,low_flexibility,2,61,142
GA,low_flexibility,2,62,142
GA,low_flexibility,2,63,142
GA,low_flexibility,2,64,142
GA,low_flexibility,2,65,142
GA,low_flexibility,2,66,142
GA,low_flexibility,2,67,142
GA,low_flexibility,2,68,142
GA,low_flexibility,2,69,142
GA,low_flexibility,2,70,142
GA,low_flexibility,2,71,142
GA,low_flexibility,2,72,142
GA,low_flexibility,2,73,142
GA,low_flexibility,2,74,142
GA,low_flexibility,2,75,142
GA,low_flexibility,2,76,142
GA,low_flexibility,2,77,142
GA,low_flexibility,2,78,142
GA,low_flexibility,2,79,142
GA,low_flexibility,2,80,142
SLGA,low_flexibility,2,0,142
SLGA,low_flexibility,2,1,142
SLGA,low_flexibility,2,2,142
SLGA,low_flexibility,2,3,142
SLGA,low_flexibility,2,4,142
SLGA,low_flexibility,2,5,142
SLGA,low_flexibility,2,6,142
SLGA,low_flexibility,2,7,142
SLGA,low_flexibility,2,8,142
SLGA,low_flexibility,2,9,142
SLGA,low_flexibility,2,10,142
SLGA,low_flexibility,2,11,142
SLGA,low_flexibility,2,12,142
SLGA,low_flexibility,2,13,142
SLGA,low_flexibility,2,14,142
SLGA,low_flexibility,2,15,142
SLGA,low_flexibility,2,16,142
SLGA,low_flexibility,2,17,142
SLGA,low_flexibility,2,18,142
SLGA,low_flexibility,2,19,142
SLGA,low_flexibility,2,20,142
SLGA,low_flexibility,2,21,142
SLGA,low_flexibility,2,22,142
SLGA,low_flexibility,2,23,142
SLGA,low_flexibility,2,24,142
SLGA,low_flexibility,2,25,142
SLGA,low_flexibility,2,26,142
SLGA,low_flexibility,2,27,142
SLGA,low_flexibility,2,28,142
SLGA,low_flexibility,2,29,142
SLGA,low_flexibility,2,30,142
SLGA,low_flexibility,2,31,142
SLGA,low_flexibility,2,32,142
SLGA,low_flexibility,2,33,142
SLGA,low_flexibility,2,34,142
SLGA,low_flexibility,2,35,142
SLGA,low_flexibility,2,36,142
SLGA,low_flexibility,2,37,142
SLGA,low_flexibility,2,38,142
SLGA,low_flexibility,2,39,142
SLGA,low_flexibility,2,40,142
SLGA,low_flexibility,2,41,142
SLGA,low_flexibility,2,42,142
SLGA,low_flexibility,2,43,142
SLGA,low_flexibility,2,44,142
SLGA,low_flexibility,2,45,142
SLGA,low_flexibility,2,46,142
SLGA,low_flexibility,2,47,142
SLGA,low_flexibility,2,48,142
SLGA,low_flexibility,2,49,142
SLGA,low_flexibility,2,50,142
SLGA,low_flexibility,2,51,142
SLGA,low_flexibility,2,52,142
SLGA,low_flexibility,2,53,142
SLGA,low_flexibility,2,54,142
SLGA,low_flexibility,2,55,142
SLGA,low_flexibility,2,56,142
SLGA,low_flexibility,2,57,142
SLGA,low_flexibility,2,58,142
SLGA,low_flexibility,2,59,142
SLGA,low_flexibility,2,60,142
SLGA,low_flexibility,2,61,142
SLGA,low_flexibility,2,62,142
SLGA,low_flexibility,2,63,142
SLGA,low_flexibility,2,64,142
SLGA,low_flexibility,2,65,142
SLGA,low_flexibility,2,66,142
SLGA,low_flexibility,2,67,142
SLGA,low_flexibility,2,68,142
SLGA,low_flexibility,2,69,142
SLGA,low_flexibility,2,70,142
SLGA,low_flexibility,2,71,142
SLGA,low_flexibility,2,72,142
SLGA,low_flexibility,2,73,142
SLGA,low_flexibility,2,74,142
SLGA,low_flexibility,2,75,142
SLGA,low_flexibility,2,76,142
SLGA,low_flexibility,2,77,142
SLGA,low_flexibility,2,78,142
SLGA,low_flexibility,2,79,142
SLGA,low_flexibility,2,80,142
GA,low_flexibility,3,0,137
GA,low_flexibility,3,1,137
GA,low_flexibility,3,2,137
GA,low_flexibility,3,3,130
GA,low_flexibility,3,4,130
GA,low_flexibility,3,5,130
GA,low_flexibility,3,6,130
GA,low_flexibility,3,7,130
GA,low_flexibility,3,8,127
GA,low_flexibility,3,9,127
GA,low_flexibility,3,10,127
GA,low_flexibility,3,11,127
GA,low_flexibility,3,12,127
GA,low_flexibility,3,13,127
GA,low_flexibility,3,14,127
GA,low_flexibility,3,15,127
GA,low_flexibility,3,16,127
GA,low_flexibility,3,17,127
GA,low_flexibility,3,18,127
GA,low_flexibility,3,19,127
GA,low_flexibility,3,20,127
GA,low_flexibility,3,21,127
GA,low_flexibility,3,22,127
GA,low_flexibility,3,23,127
GA,low_flexibility,3,24,127
GA,low_flexibility,3,25,127
GA,low_flexibility,3,26,127
GA,low_flexibility,3,27,127
GA,low_flexibility,3,28,127
GA,low_flexibility,3,29,127
GA,low_flexibility,3,30,127
GA,low_flexibility,3,31,127
GA,low_flexibility,3,32,127
GA,low_flexibility,3,33,127
GA,low_flexibility,3,34,127
GA,low_flexibility,3,35,127
GA,low_flexibility,3,36,127
GA,low_flexibility,3,37,127
GA,low_flexibility,3,38,127
GA,low_flexibility,3,39,127
GA,low_flexibility,3,40,127
GA,low_flexibility,3,41,127
GA,low_flexibility,3,42,127
GA,low_flexibility,3,43,127
GA,low_flexibility,3,44,127
GA,low_flexibility,3,45,127
GA,low_flexibility,3,46,127
GA,low_flexibility,3,47,127
GA,low_flexibility,3,48,127
GA,low_flexibility,3,49,127
GA,low_flexibility,3,50,127
GA,low_flexibility,3,51,127
GA,low_flexibility,3,52,127
GA,low_flexibility,3,53,127
GA,low_flexibility,3,54,127
GA,low_flexibility,3,55,127
GA,low_flexibility,3,56,127
GA,low_flexibility,3,57,127
GA,low_flexibility,3,58,127
GA,low_flexibility,3,59,127
GA,low_flexibility,3,60,127
GA,low_flexibility,3,61,127
GA,low_flexibility,3,62,127
GA,low_flexibility,3,63,127
GA,low_flexibility,3,64,127
GA,low_flexibility,3,65,127
GA,low_flexibility,3,66,127
GA,low_flexibility,3,67,127
GA,low_flexibility,3,68,127
GA,low_flexibility,3,69,119
GA,low_flexibility,3,70,119
GA,low_flexibility,3,71,119
GA,low_flexibility,3,72,119
GA,low_flexibility,3,73,119
GA,low_flexibility,3,74,119
GA,low_flexibility,3,75,119
GA,low_flexibility,3,76,119
GA,low_flexibility,3,77,119
GA,low_flexibility,3,78,119
GA,low_flexibility,3,79,119
GA,low_flexibility,3,80,119
SLGA,low_flexibility,3,0,137
SLGA,low_flexibility,3,1,135
SLGA,low_flexibility,3,2,133
SLGA,low_flexibility,3,3,132
SLGA,low_flexibility,3,4,132
SLGA,low_flexibility,3,5,132
SLGA,low_flexibility,3,6,132
SLGA,low_flexibility,3,7,132
SLGA,low_flexibility,3,8,132
SLGA,low_flexibility,3,9,129
SLGA,low_flexibility,3,10,129
SLGA,low_flexibility,3,11,129
SLGA,low_flexibility,3,12,129
SLGA,low_flexibility,3,13,129
SLGA,low_flexibility,3,14,129
SLGA,low_flexibility,3,15,129
SLGA,low_flexibility,3,16,129
SLGA,low_flexibility,3,17,129
SLGA,low_flexibility,3,18,129
SLGA,low_flexibility,3,19,129
SLGA,low_flexibility,3,20,129
SLGA,low_flexibility,3,21,129
SLGA,low_flexibility,3,22,127
SLGA,low_flexibility,3,23,127
SLGA,low_flexibility,3,24,127
SLGA,low_flexibility,3,25,127
SLGA,low_flexibility,3,26,127
SLGA,low_flexibility,3,27,127
SLGA,low_flexibility,3,28,127
SLGA,low_flexibility,3,29,127
SLGA,low_flexibility,3,30,127
SLGA,low_flexibility,3,31,127
SLGA,low_flexibility,3,32,127
SLGA,low_flexibility,3,33,127
SLGA,low_flexibility,3,34,127
SLGA,low_flexibility,3,35,127
SLGA,low_flexibility,3,36,127
SLGA,low_flexibility,3,37,127
SLGA,low_flexibility,3,38,127
SLGA,low_flexibility,3,39,127
SLGA,low_flexibility,3,40,127
SLGA,low_flexibility,3,41,127
SLGA,low_flexibility,3,42,127
SLGA,low_flexibility,3,43,127
SLGA,low_flexibility,3,44,127
SLGA,low_flexibility,3,45,122
SLGA,low_flexibility,3,46,122
SLGA,low_flexibility,3,47,122
SLGA,low_flexibility,3,48,122
SLGA,low_flexibility,3,49,122
SLGA,low_flexibility,3,50,122
SLGA,low_flexibility,3,51,122
SLGA,low_flexibility,3,52,122
SLGA,low_flexibility,3,53,122
SLGA,low_flexibility,3,54,122
SLGA,low_flexibility,3,55,122
SLGA,low_flexibility,3,56,122
SLGA,low_flexibility,3,57,122
SLGA,low_flexibility,3,58,122
SLGA,low_flexibility,3,59,122
SLGA,low_flexibility,3,60,122
SLGA,low_flexibility,3,61,122
SLGA,low_flexibility,3,62,122
SLGA,low_flexibility,3,63,122
SLGA,low_flexibility,3,64,122
SLGA,low_flexibility,3,65,122
SLGA,low_flexibility,3,66,122
SLGA,low_flexibility,3,67,122
SLGA,low_flexibility,3,68,122
SLGA,low_flexibility,3,69,122
SLGA,low_flexibility,3,70,122
SLGA,low_flexibility,3,71,122
SLGA,low_flexibility,3,72,122
SLGA,low_flexibility,3,73,122
SLGA,low_flexibility,3,74,122
SLGA,low_flexibility,3,75,122
SLGA,low_flexibility,3,76,122
SLGA,low_flexibility,3,77,122
SLGA,low_flexibility,3,78,122
SLGA,low_flexibility,3,79,122
SLGA,low_flexibility,3,80,122
GA,low_flexibility,4,0,118
GA,low_flexibility,4,1,118
GA,low_flexibility,4,2,118
GA,low_flexibility,4,3,118
GA,low_flexibility,4,4,118
GA,low_flexibility,4,5,118
GA,low_flexibility,4,6,118
GA,low_flexibility,4,7,118
GA,low_flexibility,4,8,118
GA,low_flexibility,4,9,118
GA,low_flexibility,4,10,118
GA,low_flexibility,4,11,118
GA,low_flexibility,4,12,118
GA,low_flexibility,4,13,118
GA,low_flexibility,4,14,118
GA,low_flexibility,4,15,118
GA,low_flexibility,4,16,118
GA,low_flexibility,4,17,115
GA,low_flexibility,4,18,115
GA,low_flexibility,4,19,115
GA,low_flexibility,4,20,115
GA,low_flexibility,4,21,115
GA,low_flexibility,4,22,115
GA,low_flexibility,4,23,115
GA,low_flexibility,4,24,115
GA,low_flexibility,4,25,115
GA,low_flexibility,4,26,115
GA,low_flexibility,4,27,115
GA,low_flexibility,4,28,115
GA,low_flexibility,4,29,115
GA,low_flexibility,4,30,115
GA,low_flexibility,4,31,115
GA,low_flexibility,4,32,115
GA,low_flexibility,4,33,115
GA,low_flexibility,4,34,115
GA,low_flexibility,4,35,115
GA,low_flexibility,4,36,115
GA,low_flexibility,4,37,115
GA,low_flexibility,4,38,115
GA,low_flexibility,4,39,115
GA,low_flexibility,4,40,115
GA,low_flexibility,4,41,115
GA,low_flexibility,4,42,115
GA,low_flexibility,4,43,115
GA,low_flexibility,4,44,115
GA,low_flexibility,4,45,115
GA,low_flexibility,4,46,115
GA,low_flexibility,4,47,114
GA,low_flexibility,4,48,114
GA,low_flexibility,4,49,114
GA,low_flexibility,4,50,114
GA,low_flexibility,4,51,114
GA,low_flexibility,4,52,114
GA,low_flexibility,4,53,114
GA,low_flexibility,4,54,114
GA,low_flexibility,4,55,114
GA,low_flexibility,4,56,114
GA,low_flexibility,4,57,114
GA,low_flexibility,4,58,114
GA,low_flexibility,4,59,114
GA,low_flexibility,4,60,114
GA,low_flexibility,4,61,114
GA,low_flexibility,4,62,113
GA,low_flexibility,4,63,113
GA,low_flexibility,4,64,113
GA,low_flexibility,4,65,113
GA,low_flexibility,4,66,113
GA,low_flexibility,4,67,113
GA,low_flexibility,4,68,113
GA,low_flexibility,4,69,113
GA,low_flexibility,4,70,113
GA,low_flexibility,4,71,113
GA,low_flexibility,4,72,113
GA,low_flexibility,4,73,113
GA,low_flexibility,4,74,113
GA,low_flexibility,4,75,113
GA,low_flexibility,4,76,113
GA,low_flexibility,4,77,113
GA,low_flexibility,4,78,113
GA,low_flexibility,4,79,113
GA,low_flexibility,4,80,113
SLGA,low_flexibility,4,0,118
SLGA,low_flexibility,4,1,118
SLGA,low_flexibility,4,2,118
SLGA,low_flexibility,4,3,118
SLGA,low_flexibility,4,4,118
SLGA,low_flexibility,4,5,118
SLGA,low_flexibility,4,6,118
SLGA,low_flexibility,4,7,118
SLGA,low_flexibility,4,8,118
SLGA,low_flexibility,4,9,118
SLGA,low_flexibility,4,10,118
SLGA,low_flexibility,4,11,118
SLGA,low_flexibility,4,12,118
SLGA,low_flexibility,4,13,117
SLGA,low_flexibility,4,14,117
SLGA,low_flexibility,4,15,117
SLGA,low_flexibility,4,16,117
SLGA,low_flexibility,4,17,117
SLGA,low_flexibility,4,18,117
SLGA,low_flexibility,4,19,117
SLGA,low_flexibility,4,20,117
SLGA,low_flexibility,4,21,117
SLGA,low_flexibility,4,22,117
SLGA,low_flexibility,4,23,117
SLGA,low_flexibility,4,24,117
SLGA,low_flexibility,4,25,117
SLGA,low_flexibility,4,26,117
SLGA,low_flexibility,4,27,117
SLGA,low_flexibility,4,28,117
SLGA,low_flexibility,4,29,117
SLGA,low_flexibility,4,30,117
SLGA,low_flexibility,4,31,117
SLGA,low_flexibility,4,32,117
SLGA,low_flexibility,4,33,117
SLGA,low_flexibility,4,34,117
SLGA,low_flexibility,4,35,117
SLGA,low_flexibility,4,36,117
SLGA,low_flexibility,4,37,117
SLGA,low_flexibility,4,38,117
SLGA,low_flexibility,4,39,117
SLGA,low_flexibility,4,40,117
SLGA,low_flexibility,4,41,117
SLGA,low_flexibility,4,42,117
SLGA,low_flexibility,4,43,117
SLGA,low_flexibility,4,44,117
SLGA,low_flexibility,4,45,117
SLGA,low_flexibility,4,46,117
SLGA,low_flexibility,4,47,117
SLGA,low_flexibility,4,48,117
SLGA,low_flexibility,4,49,117
SLGA,low_flexibility,4,50,117
SLGA,low_flexibility,4,51,117
SLGA,low_flexibility,4,52,117
SLGA,low_flexibility,4,53,117
SLGA,low_flexibility,4,54,117
SLGA,low_flexibility,4,55,117
SLGA,low_flexibility,4,56,117
SLGA,low_flexibility,4,57,117
SLGA,low_flexibility,4,58,117
SLGA,low_flexibility,4,59,117
SLGA,low_flexibility,4,60,117
SLGA,low_flexibility,4,61,117
SLGA,low_flexibility,4,62,117
SLGA,low_flexibility,4,63,117
SLGA,low_flexibility,4,64,117
SLGA,low_flexibility,4,65,117
SLGA,low_flexibility,4,66,117
SLGA,low_flexibility,4,67,117
SLGA,low_flexibility,4,68,117
SLGA,low_flexibility,4,69,117
SLGA,low_flexibility,4,70,117
SLGA,low_flexibility,4,71,117
SLGA,low_flexibility,4,72,117
SLGA,low_flexibility,4,73,117
SLGA,low_flexibility,4,74,117
SLGA,low_flexibility,4,75,117
SLGA,low_flexibility,4,76,117
SLGA,low_flexibility,4,77,117
SLGA,low_flexibility,4,78,117
SLGA,low_flexibility,4,79,117
SLGA,low_flexibility,4,80,117
GA,low_flexibility,5,0,131
GA,low_flexibility,5,1,131
GA,low_flexibility,5,2,131
GA,low_flexibility,5,3,131
GA,low_flexibility,5,4,131
GA,low_flexibility,5,5,131
GA,low_flexibility,5,6,131
GA,low_flexibility,5,7,131
GA,low_flexibility,5,8,131
GA,low_flexibility,5,9,131
GA,low_flexibility,5,10,131
GA,low_flexibility,5,11,131
GA,low_flexibility,5,12,131
GA,low_flexibility,5,13,131
GA,low_flexibility,5,14,131
GA,low_flexibility,5,15,131
GA,low_flexibility,5,16,131
GA,low_flexibility,5,17,131
GA,low_flexibility,5,18,131
GA,low_flexibility,5,19,131
GA,low_flexibility,5,20,131
GA,low_flexibility,5,21,131
GA,low_flexibility,5,22,131
GA,low_flexibility,5,23,131
GA,low_flexibility,5,24,131
GA,low_flexibility,5,25,131
GA,low_flexibility,5,26,131
GA,low_flexibility,5,27,131
GA,low_flexibility,5,28,131
GA,low_flexibility,5,29,131
GA,low_flexibility,5,30,131
GA,low_flexibility,5,31,131
GA,low_flexibility,5,32,131
GA,low_flexibility,5,33,131
GA,low_flexibility,5,34,131
GA,low_flexibility,5,35,131
GA,low_flexibility,5,36,131
GA,low_flexibility,5,37,131
GA,low_flexibility,5,38,131
GA,low_flexibility,5,39,131
GA,low_flexibility,5,40,131
GA,low_flexibility,5,41,131
GA,low_flexibility,5,42,131
GA,low_flexibility,5,43,131
GA,low_flexibility,5,44,131
GA,low_flexibility,5,45,131
GA,low_flexibility,5,46,131
GA,low_flexibility,5,47,131
GA,low_flexibility,5,48,131
GA,low_flexibility,5,49,131
GA,low_flexibility,5,50,131
GA,low_flexibility,5,51,131
GA,low_flexibility,5,52,131
GA,low_flexibility,5,53,131
GA,low_flexibility,5,54,131
GA,low_flexibility,5,55,131
GA,low_flexibility,5,56,131
GA,low_flexibility,5,57,131
GA,low_flexibility,5,58,131
GA,low_flexibility,5,59,131
GA,low_flexibility,5,60,131
GA,low_flexibility,5,61,131
GA,low_flexibility,5,62,131
GA,low_flexibility,5,63,131
GA,low_flexibility,5,64,131
GA,low_flexibility,5,65,131
GA,low_flexibility,5,66,131
GA,low_flexibility,5,67,131
GA,low_flexibility,5,68,131
GA,low_flexibility,5,69,131
GA,low_flexibility,5,70,131
GA,low_flexibility,5,71,131
GA,low_flexibility,5,72,131
GA,low_flexibility,5,73,131
GA,low_flexibility,5,74,131
GA,low_flexibility,5,75,131
GA,low_flexibility,5,76,131
GA,low_flexibility,5,77,131
GA,low_flexibility,5,78,131
GA,low_flexibility,5,79,131
GA,low_flexibility,5,80,131
SLGA,low_flexibility,5,0,131
SLGA,low_flexibility,5,1,131
SLGA,low_flexibility,5,2,131
SLGA,low_flexibility,5,3,131
SLGA,low_flexibility,5,4,131
SLGA,low_flexibility,5,5,131
SLGA,low_flexibility,5,6,131
SLGA,low_flexibility,5,7,131
SLGA,low_flexibility,5,8,131
SLGA,low_flexibility,5,9,131
SLGA,low_flexibility,5,10,131
SLGA,low_flexibility,5,11,131
SLGA,low_flexibility,5,12,131
SLGA,low_flexibility,5,13,131
SLGA,low_flexibility,5,14,131
SLGA,low_flexibility,5,15,131
SLGA,low_flexibility,5,16,131
SLGA,low_flexibility,5,17,131
SLGA,low_flexibility,5,18,131
SLGA,low_flexibility,5,19,131
SLGA,low_flexibility,5,20,131
SLGA,low_flexibility,5,21,131
SLGA,low_flexibility,5,22,131
SLGA,low_flexibility,5,23,131
SLGA,low_flexibility,5,24,131
SLGA,low_flexibility,5,25,131
SLGA,low_flexibility,5,26,131
SLGA,low_flexibility,5,27,131
SLGA,low_flexibility,5,28,131
SLGA,low_flexibility,5,29,131
SLGA,low_flexibility,5,30,131
SLGA,low_flexibility,5,31,131
SLGA,low_flexibility,5,32,131
SLGA,low_flexibility,5,33,131
SLGA,low_flexibility,5,34,131
SLGA,low_flexibility,5,35,131
SLGA,low_flexibility,5,36,131
SLGA,low_flexibility,5,37,131
SLGA,low_flexibility,5,38,131
SLGA,low_flexibility,5,39,131
SLGA,low_flexibility,5,40,131
SLGA,low_flexibility,5,41,131
SLGA,low_flexibility,5,42,131
SLGA,low_flexibility,5,43,131
SLGA,low_flexibility,5,44,131
SLGA,low_flexibility,5,45,131
SLGA,low_flexibility,5,46,131
SLGA,low_flexibility,5,47,131
SLGA,low_flexibility,5,48,131
SLGA,low_flexibility,5,49,131
SLGA,low_flexibility,5,50,131
SLGA,low_flexibility,5,51,131
SLGA,low_flexibility,5,52,131
SLGA,low_flexibility,5,53,131
SLGA,low_flexibility,5,54,131
SLGA,low_flexibility,5,55,131
SLGA,low_flexibility,5,56,131
SLGA,low_flexibility,5,57,131
SLGA,low_flexibility,5,58,131
SLGA,low_flexibility,5,59,131
SLGA,low_flexibility,5,60,131
SLGA,low_flexibility,5,61,131
SLGA,low_flexibility,5,62,131
SLGA,low_flexibility,5,63,131
SLGA,low_flexibility,5,64,131
SLGA,low_flexibility,5,65,131
SLGA,low_flexibility,5,66,131
SLGA,low_flexibility,5,67,131
SLGA,low_flexibility,5,68,131
SLGA,low_flexibility,5,69,131
SLGA,low_flexibility,5,70,131
SLGA,low_flexibility,5,71,131
SLGA,low_flexibility,5,72,131
SLGA,low_flexibility,5,73,131
SLGA,low_flexibility,5,74,131
SLGA,low_flexibility,5,75,131
SLGA,low_flexibility,5,76,131
SLGA,low_flexibility,5,77,131
SLGA,low_flexibility,5,78,131
SLGA,low_flexibility,5,79,131
SLGA,low_flexibility,5,80,131
GA,high_flexibility,1,0,72
GA,high_flexibility,1,1,72
GA,high_flexibility,1,2,72
GA,high_flexibility,1,3,72
GA,high_flexibility,1,4,72
GA,high_flexibility,1,5,72
GA,high_flexibility,1,6,72
GA,high_flexibility,1,7,72
GA,high_flexibility,1,8,72
GA,high_flexibility,1,9,72
GA,high_flexibility,1,10,72
GA,high_flexibility,1,11,72
GA,high_flexibility,1,12,72
GA,high_flexibility,1,13,72
GA,high_flexibility,1,14,72
GA,high_flexibility,1,15,72
GA,high_flexibility,1,16,72
GA,high_flexibility,1,17,72
GA,high_flexibility,1,18,72
GA,high_flexibility,1,19,72
GA,high_flexibility,1,20,72
GA,high_flexibility,1,21,72
GA,high_flexibility,1,22,72
GA,high_flexibility,1,23,72
GA,high_flexibility,1,24,72
GA,high_flexibility,1,25,72
GA,high_flexibility,1,26,72
GA,high_flexibility,1,27,72
GA,high_flexibility,1,28,72
GA,high_flexibility,1,29,72
GA,high_flexibility,1,30,72
GA,high_flexibility,1,31,72
GA,high_flexibility,1,32,72
GA,high_flexibility,1,33,72
GA,high_flexibility,1,34,72
GA,high_flexibility,1,35,72
GA,high_flexibility,1,36,72
GA,high_flexibility,1,37,72
GA,high_flexibility,1,38,72
GA,high_flexibility,1,39,72
GA,high_flexibility,1,40,72
GA,high_flexibility,1,41,72
GA,high_flexibility,1,42,72
GA,high_flexibility,1,43,72
GA,high_flexibility,1,44,72
GA,high_flexibility,1,45,72
GA,high_flexibility,1,46,72
GA,high_flexibility,1,47,72
GA,high_flexibility,1,48,72
GA,high_flexibility,1,49,72
GA,high_flexibility,1,50,72
GA,high_flexibility,1,51,72
GA,high_flexibility,1,52,72
GA,high_flexibility,1,53,72
GA,high_flexibility,1,54,72
GA,high_flexibility,1,55,72
GA,high_flexibility,1,56,72
GA,high_flexibility,1,57,72
GA,high_flexibility,1,58,72
GA,high_flexibility,1,59,72
GA,high_flexibility,1,60,72
GA,high_flexibility,1,61,72
GA,high_flexibility,1,62,72
GA,high_flexibility,1,63,72
GA,high_flexibility,1,64,72
GA,high_flexibility,1,65,72
GA,high_flexibility,1,66,72
GA,high_flexibility,1,67,72
GA,high_flexibility,1,68,72
GA,high_flexibility,1,69,72
GA,high_flexibility,1,70,72
GA,high_flexibility,1,71,72
GA,high_flexibility,1,72,72
GA,high_flexibility,1,73,72
GA,high_flexibility,1,74,72
GA,high_flexibility,1,75,72
GA,high_flexibility,1,76,72
GA,high_flexibility,1,77,72
GA,high_flexibility,1,78,72
GA,high_flexibility,1,79,72
GA,high_flexibility,1,80,72
SLGA,high_flexibility,1,0,72
SLGA,high_flexibility,1,1,72
SLGA,high_flexibility,1,2,72
SLGA,high_flexibility,1,3,72
SLGA,high_flexibility,1,4,72
SLGA,high_flexibility,1,5,72
SLGA,high_flexibility,1,6,72
SLGA,high_flexibility,1,7,72
SLGA,high_flexibility,1,8,72
SLGA,high_flexibility,1,9,72
SLGA,high_flexibility,1,10,72
SLGA,high_flexibility,1,11,72
SLGA,high_flexibility,1,12,72
SLGA,high_flexibility,1,13,72
SLGA,high_flexibility,1,14,72
SLGA,high_flexibility,1,15,72
SLGA,high_flexibility,1,16,72
SLGA,high_flexibility,1,17,72
SLGA,high_flexibility,1,18,72
SLGA,high_flexibility,1,19,72
SLGA,high_flexibility,1,20,72
SLGA,high_flexibility,1,21,72
SLGA,high_flexibility,1,22,72
SLGA,high_flexibility,1,23,72
SLGA,high_flexibility,1,24,72
SLGA,high_flexibility,1,25,72
SLGA,high_flexibility,1,26,72
SLGA,high_flexibility,1,27,72
SLGA,high_flexibility,1,28,72
SLGA,high_flexibility,1,29,72
SLGA,high_flexibility,1,30,72
SLGA,high_flexibility,1,31,72
SLGA,high_flexibility,1,32,72
SLGA,high_flexibility,1,33,72
SLGA,high_flexibility,1,34,72
SLGA,high_flexibility,1,35,72
SLGA,high_flexibility,1,36,72
SLGA,high_flexibility,1,37,72
SLGA,high_flexibility,1,38,72
SLGA,high_flexibility,1,39,72
SLGA,high_flexibility,1,40,72
SLGA,high_flexibility,1,41,72
SLGA,high_flexibility,1,42,72
SLGA,high_flexibility,1,43,72
SLGA,high_flexibility,1,44,72
SLGA,high_flexibility,1,45,72
SLGA,high_flexibility,1,46,72
SLGA,high_flexibility,1,47,72
SLGA,high_flexibility,1,48,72
SLGA,high_flexibility,1,49,72
SLGA,high_flexibility,1,50,72
SLGA,high_flexibility,1,51,72
SLGA,high_flexibility,1,52,72
SLGA,high_flexibility,1,53,72
SLGA,high_flexibility,1,54,72
SLGA,high_flexibility,1,55,72
SLGA,high_flexibility,1,56,72
SLGA,high_flexibility,1,57,72
SLGA,high_flexibility,1,58,72
SLGA,high_flexibility,1,59,72
SLGA,high_flexibility,1,60,72
SLGA,high_flexibility,1,61,72
SLGA,high_flexibility,1,62,72
SLGA,high_flexibility,1,63,72
SLGA,high_flexibility,1,64,72
SLGA,high_flexibility,1,65,72
SLGA,high_flexibility,1,66,72
SLGA,high_flexibility,1,67,72
SLGA,high_flexibility,1,68,72
SLGA,high_flexibility,1,69,72
SLGA,high_flexibility,1,70,72
SLGA,high_flexibility,1,71,72
SLGA,high_flexibility,1,72,72
SLGA,high_flexibility,1,73,72
SLGA,high_flexibility,1,74,72
SLGA,high_flexibility,1,75,72
SLGA,high_flexibility,1,76,72
SLGA,high_flexibility,1,77,72
SLGA,high_flexibility,1,78,72
SLGA,high_flexibility,1,79,72
SLGA,high_flexibility,1,80,72
GA,high_flexibility,2,0,71
GA,high_flexibility,2,1,71
GA,high_flexibility,2,2,71
GA,high_flexibility,2,3,71
GA,high_flexibility,2,4,71
GA,high_flexibility,2,5,71
GA,high_flexibility,2,6,71
GA,high_flexibility,2,7,71
GA,high_flexibility,2,8,71
GA,high_flexibility,2,9,71
GA,high_flexibility,2,10,71
GA,high_flexibility,2,11,71
GA,high_flexibility,2,12,71
GA,high_flexibility,2,13,71
GA,high_flexibility,2,14,71
GA,high_flexibility,2,15,71
GA,high_flexibility,2,16,71
GA,high_flexibility,2,17,71
GA,high_flexibility,2,18,71
GA,high_flexibility,2,19,71
GA,high_flexibility,2,20,71
GA,high_flexibility,2,21,71
GA,high_flexibility,2,22,71
GA,high_flexibility,2,23,71
GA,high_flexibility,2,24,71
GA,high_flexibility,2,25,71
GA,high_flexibility,2,26,71
GA,high_flexibility,2,27,71
GA,high_flexibility,2,28,71
GA,high_flexibility,2,29,71
GA,high_flexibility,2,30,71
GA,high_flexibility,2,31,71
GA,high_flexibility,2,32,71
GA,high_flexibility,2,33,71
GA,high_flexibility,2,34,71
GA,high_flexibility,2,35,71
GA,high_flexibility,2,36,71
GA,high_flexibility,2,37,71
GA,high_flexibility,2,38,71
GA,high_flexibility,2,39,71
GA,high_flexibility,2,40,71
GA,high_flexibility,2,41,71
GA,high_flexibility,2,42,71
GA,high_flexibility,2,43,71
GA,high_flexibility,2,44,71
GA,high_flexibility,2,45,71
GA,high_flexibility,2,46,71
GA,high_flexibility,2,47,71
GA,high_flexibility,2,48,71
GA,high_flexibility,2,49,71
GA,high_flexibility,2,50,71
GA,high_flexibility,2,51,71
GA,high_flexibility,2,52,71
GA,high_flexibility,2,53,71
GA,high_flexibility,2,54,71
GA,high_flexibility,2,55,71
GA,high_flexibility,2,56,71
GA,high_flexibility,2,57,71
GA,high_flexibility,2,58,71
GA,high_flexibility,2,59,71
GA,high_flexibility,2,60,71
GA,high_flexibility,2,61,71
GA,high_flexibility,2,62,71
GA,high_flexibility,2,63,71
GA,high_flexibility,2,64,71
GA,high_flexibility,2,65,71
GA,high_flexibility,2,66,71
GA,high_flexibility,2,67,71
GA,high_flexibility,2,68,71
GA,high_flexibility,2,69,71
GA,high_flexibility,2,70,71
GA,high_flexibility,2,71,71
GA,high_flexibility,2,72,71
GA,high_flexibility,2,73,71
GA,high_flexibility,2,74,71
GA,high_flexibility,2,75,71
GA,high_flexibility,2,76,71
GA,high_flexibility,2,77,71
GA,high_flexibility,2,78,71
GA,high_flexibility,2,79,71
GA,high_flexibility,2,80,71
SLGA,high_flexibility,2,0,71
SLGA,high_flexibility,2,1,71
SLGA,high_flexibility,2,2,71
SLGA,high_flexibility,2,3,71
SLGA,high_flexibility,2,4,71
SLGA,high_flexibility,2,5,71
SLGA,high_flexibility,2,6,71
SLGA,high_flexibility,2,7,71
SLGA,high_flexibility,2,8,71
SLGA,high_flexibility,2,9,71
SLGA,high_flexibility,2,10,71
SLGA,high_flexibility,2,11,71
SLGA,high_flexibility,2,12,71
SLGA,high_flexibility,2,13,71
SLGA,high_flexibility,2,14,71
SLGA,high_flexibility,2,15,71
SLGA,high_flexibility,2,16,71
SLGA,high_flexibility,2,17,71
SLGA,high_flexibility,2,18,71
SLGA,high_flexibility,2,19,71
SLGA,high_flexibility,2,20,71
SLGA,high_flexibility,2,21,71
SLGA,high_flexibility,2,22,71
SLGA,high_flexibility,2,23,71
SLGA,high_flexibility,2,24,71
SLGA,high_flexibility,2,25,71
SLGA,high_flexibility,2,26,71
SLGA,high_flexibility,2,27,71
SLGA,high_flexibility,2,28,71
SLGA,high_flexibility,2,29,71
SLGA,high_flexibility,2,30,71
SLGA,high_flexibility,2,31,71
SLGA,high_flexibility,2,32,71
SLGA,high_flexibility,2,33,71
SLGA,high_flexibility,2,34,71
SLGA,high_flexibility,2,35,71
SLGA,high_flexibility,2,36,71
SLGA,high_flexibility,2,37,71
SLGA,high_flexibility,2,38,71
SLGA,high_flexibility,2,39,71
SLGA,high_flexibility,2,40,71
SLGA,high_flexibility,2,41,71
SLGA,high_flexibility,2,42,71
SLGA,high_flexibility,2,43,71
SLGA,high_flexibility,2,44,71
SLGA,high_flexibility,2,45,71
SLGA,high_flexibility,2,46,71
SLGA,high_flexibility,2,47,71
SLGA,high_flexibility,2,48,71
SLGA,high_flexibility,2,49,71
SLGA,high_flexibility,2,50,71
SLGA,high_flexibility,2,51,71
SLGA,high_flexibility,2,52,71
SLGA,high_flexibility,2,53,71
SLGA,high_flexibility,2,54,71
SLGA,high_flexibility,2,55,71
SLGA,high_flexibility,2,56,71
SLGA,high_flexibility,2,57,71
SLGA,high_flexibility,2,58,71
SLGA,high_flexibility,2,59,71
SLGA,high_flexibility,2,60,71
SLGA,high_flexibility,2,61,71
SLGA,high_flexibility,2,62,71
SLGA,high_flexibility,2,63,71
SLGA,high_flexibility,2,64,71
SLGA,high_flexibility,2,65,71
SLGA,high_flexibility,2,66,71
SLGA,high_flexibility,2,67,71
SLGA,high_flexibility,2,68,71
SLGA,high_flexibility,2,69,71
SLGA,high_flexibility,2,70,71
SLGA,high_flexibility,2,71,71
SLGA,high_flexibility,2,72,71
SLGA,high_flexibility,2,73,71
SLGA,high_flexibility,2,74,71
SLGA,high_flexibility,2,75,71
SLGA,high_flexibility,2,76,71
SLGA,high_flexibility,2,77,71
SLGA,high_flexibility,2,78,71
SLGA,high_flexibility,2,79,71
SLGA,high_flexibility,2,80,71
GA,high_flexibility,3,0,71
GA,high_flexibility,3,1,71
GA,high_flexibility,3,2,71
GA,high_flexibility,3,3,71
GA,high_flexibility,3,4,71
GA,high_flexibility,3,5,71
GA,high_flexibility,3,6,71
GA,high_flexibility,3,7,71
GA,high_flexibility,3,8,71
GA,high_flexibility,3,9,71
GA,high_flexibility,3,10,71
GA,high_flexibility,3,11,71
GA,high_flexibility,3,12,71
GA,high_flexibility,3,13,71
GA,high_flexibility,3,14,71
GA,high_flexibility,3,15,71
GA,high_flexibility,3,16,71
GA,high_flexibility,3,17,71
GA,high_flexibility,3,18,71
GA,high_flexibility,3,19,71
GA,high_flexibility,3,20,71
GA,high_flexibility,3,21,71
GA,high_flexibility,3,22,71
GA,high_flexibility,3,23,71
GA,high_flexibility,3,24,71
GA,high_flexibility,3,25,71
GA,high_flexibility,3,26,71
GA,high_flexibility,3,27,71
GA,high_flexibility,3,28,71
GA,high_flexibility,3,29,71
GA,high_flexibility,3,30,71
GA,high_flexibility,3,31,71
GA,high_flexibility,3,32,71
GA,high_flexibility,3,33,71
GA,high_flexibility,3,34,71
GA,high_flexibility,3,35,71
GA,high_flexibility,3,36,71
GA,high_flexibility,3,37,71
GA,high_flexibility,3,38,71
GA,high_flexibility,3,39,71
GA,high_flexibility,3,40,71
GA,high_flexibility,3,41,71
GA,high_flexibility,3,42,71
GA,high_flexibility,3,43,71
GA,high_flexibility,3,44,71
GA,high_flexibility,3,45,71
GA,high_flexibility,3,46,71
GA,high_flexibility,3,47,71
GA,high_flexibility,3,48,71
GA,high_flexibility,3,49,71
GA,high_flexibility,3,50,71
GA,high_flexibility,3,51,71
GA,high_flexibility,3,52,71
GA,high_flexibility,3,53,71
GA,high_flexibility,3,54,71
GA,high_flexibility,3,55,71
GA,high_flexibility,3,56,71
GA,high_flexibility,3,57,71
GA,high_flexibility,3,58,71
GA,high_flexibility,3,59,71
GA,high_flexibility,3,60,71
GA,high_flexibility,3,61,71
GA,high_flexibility,3,62,71
GA,high_flexibility,3,63,71
GA,high_flexibility,3,64,71
GA,high_flexibility,3,65,71
GA,high_flexibility,3,66,71
GA,high_flexibility,3,67,71
GA,high_flexibility,3,68,71
GA,high_flexibility,3,69,71
GA,high_flexibility,3,70,71
GA,high_flexibility,3,71,71
GA,high_flexibility,3,72,71
GA,high_flexibility,3,73,71
GA,high_flexibility,3,74,71
GA,high_flexibility,3,75,71
GA,high_flexibility,3,76,71
GA,high_flexibility,3,77,71
GA,high_flexibility,3,78,71
GA,high_flexibility,3,79,71
GA,high_flexibility,3,80,71
SLGA,high_flexibility,3,0,71
SLGA,high_flexibility,3,1,71
SLGA,high_flexibility,3,2,71
SLGA,high_flexibility,3,3,71
SLGA,high_flexibility,3,4,71
SLGA,high_flexibility,3,5,71
SLGA,high_flexibility,3,6,71
SLGA,high_flexibility,3,7,71
SLGA,high_flexibility,3,8,71
SLGA,high_flexibility,3,9,71
SLGA,high_flexibility,3,10,71
SLGA,high_flexibility,3,11,71
SLGA,high_flexibility,3,12,71
SLGA,high_flexibility,3,13,71
SLGA,high_flexibility,3,14,71
SLGA,high_flexibility,3,15,71
SLGA,high_flexibility,3,16,71
SLGA,high_flexibility,3,17,71
SLGA,high_flexibility,3,18,71
SLGA,high_flexibility,3,19,71
SLGA,high_flexibility,3,20,71
SLGA,high_flexibility,3,21,71
SLGA,high_flexibility,3,22,71
SLGA,high_flexibility,3,23,71
SLGA,high_flexibility,3,24,71
SLGA,high_flexibility,3,25,71
SLGA,high_flexibility,3,26,71
SLGA,high_flexibility,3,27,71
SLGA,high_flexibility,3,28,71
SLGA,high_flexibility,3,29,71
SLGA,high_flexibility,3,30,71
SLGA,high_flexibility,3,31,71
SLGA,high_flexibility,3,32,71
SLGA,high_flexibility,3,33,71
SLGA,high_flexibility,3,34,71
SLGA,high_flexibility,3,35,71
SLGA,high_flexibility,3,36,71
SLGA,high_flexibility,3,37,71
SLGA,high_flexibility,3,38,71
SLGA,high_flexibility,3,39,71
SLGA,high_flexibility,3,40,71
SLGA,high_flexibility,3,41,71
SLGA,high_flexibility,3,42,71
SLGA,high_flexibility,3,43,71
SLGA,high_flexibility,3,44,71
SLGA,high_flexibility,3,45,71
SLGA,high_flexibility,3,46,71
SLGA,high_flexibility,3,47,71
SLGA,high_flexibility,3,48,71
SLGA,high_flexibility,3,49,71
SLGA,high_flexibility,3,50,71
SLGA,high_flexibility,3,51,71
SLGA,high_flexibility,3,52,71
SLGA,high_flexibility,3,53,71
SLGA,high_flexibility,3,54,71
SLGA,high_flexibility,3,55,71
SLGA,high_flexibility,3,56,71
SLGA,high_flexibility,3,57,71
SLGA,high_flexibility,3,58,71
SLGA,high_flexibility,3,59,71
SLGA,high_flexibility,3,60,71
SLGA,high_flexibility,3,61,71
SLGA,high_flexibility,3,62,71
SLGA,high_flexibility,3,63,71
SLGA,high_flexibility,3,64,71
SLGA,high_flexibility,3,65,71
SLGA,high_flexibility,3,66,71
SLGA,high_flexibility,3,67,71
SLGA,high_flexibility,3,68,71
SLGA,high_flexibility,3,69,71
SLGA,high_flexibility,3,70,71
SLGA,high_flexibility,3,71,71
SLGA,high_flexibility,3,72,71
SLGA,high_flexibility,3,73,71
SLGA,high_flexibility,3,74,71
SLGA,high_flexibility,3,75,71
SLGA,high_flexibility,3,76,71
SLGA,high_flexibility,3,77,71
SLGA,high_flexibility,3,78,71
SLGA,high_flexibility,3,79,71
SLGA,high_flexibility,3,80,71
GA,high_flexibility,4,0,66
GA,high_flexibility,4,1,66
GA,high_flexibility,4,2,66
GA,high_flexibility,4,3,66
GA,high_flexibility,4,4,66
GA,high_flexibility,4,5,66
GA,high_flexibility,4,6,66
GA,high_flexibility,4,7,66
GA,high_flexibility,4,8,66
GA,high_flexibility,4,9,66
GA,high_flexibility,4,10,66
GA,high_flexibility,4,11,66
GA,high_flexibility,4,12,66
GA,high_flexibility,4,13,66
GA,high_flexibility,4,14,66
GA,high_flexibility,4,15,66
GA,high_flexibility,4,16,66
GA,high_flexibility,4,17,66
GA,high_flexibility,4,18,66
GA,high_flexibility,4,19,66
GA,high_flexibility,4,20,66
GA,high_flexibility,4,21,66
GA,high_flexibility,4,22,66
GA,high_flexibility,4,23,66
GA,high_flexibility,4,24,66
GA,high_flexibility,4,25,66
GA,high_flexibility,4,26,66
GA,high_flexibility,4,27,66
GA,high_flexibility,4,28,66
GA,high_flexibility,4,29,66
GA,high_flexibility,4,30,66
GA,high_flexibility,4,31,66
GA,high_flexibility,4,32,66
GA,high_flexibility,4,33,66
GA,high_flexibility,4,34,66
GA,high_flexibility,4,35,66
GA,high_flexibility,4,36,66
GA,high_flexibility,4,37,66
GA,high_flexibility,4,38,66
GA,high_flexibility,4,39,66
GA,high_flexibility,4,40,66
GA,high_flexibility,4,41,66
GA,high_flexibility,4,42,66
GA,high_flexibility,4,43,66
GA,high_flexibility,4,44,66
GA,high_flexibility,4,45,66
GA,high_flexibility,4,46,66
GA,high_flexibility,4,47,66
GA,high_flexibility,4,48,66
GA,high_flexibility,4,49,66
GA,high_flexibility,4,50,66
GA,high_flexibility,4,51,66
GA,high_flexibility,4,52,66
GA,high_flexibility,4,53,66
GA,high_flexibility,4,54,66
GA,high_flexibility,4,55,66
GA,high_flexibility,4,56,66
GA,high_flexibility,4,57,66
GA,high_flexibility,4,58,66
GA,high_flexibility,4,59,66
GA,high_flexibility,4,60,66
GA,high_flexibility,4,61,66
GA,high_flexibility,4,62,66
GA,high_flexibility,4,63,66
GA,high_flexibility,4,64,66
GA,high_flexibility,4,65,66
GA,high_flexibility,4,66,66
GA,high_flexibility,4,67,66
GA,high_flexibility,4,68,66
GA,high_flexibility,4,69,66
GA,high_flexibility,4,70,66
GA,high_flexibility,4,71,66
GA,high_flexibility,4,72,66
GA,high_flexibility,4,73,66
GA,high_flexibility,4,74,66
GA,high_flexibility,4,75,66
GA,high_flexibility,4,76,66
GA,high_flexibility,4,77,66
GA,high_flexibility,4,78,66
GA,high_flexibility,4,79,66
GA,high_flexibility,4,80,66
SLGA,high_flexibility,4,0,66
SLGA,high_flexibility,4,1,66
SLGA,high_flexibility,4,2,66
SLGA,high_flexibility,4,3,66
SLGA,high_flexibility,4,4,66
SLGA,high_flexibility,4,5,66
SLGA,high_flexibility,4,6,66
SLGA,high_flexibility,4,7,66
SLGA,high_flexibility,4,8,66
SLGA,high_flexibility,4,9,66
SLGA,high_flexibility,4,10,66
SLGA,high_flexibility,4,11,66
SLGA,high_flexibility,4,12,66
SLGA,high_flexibility,4,13,66
SLGA,high_flexibility,4,14,66
SLGA,high_flexibility,4,15,66
SLGA,high_flexibility,4,16,66
SLGA,high_flexibility,4,17,66
SLGA,high_flexibility,4,18,66
SLGA,high_flexibility,4,19,66
SLGA,high_flexibility,4,20,66
SLGA,high_flexibility,4,21,66
SLGA,high_flexibility,4,22,66
SLGA,high_flexibility,4,23,66
SLGA,high_flexibility,4,24,66
SLGA,high_flexibility,4,25,66
SLGA,high_flexibility,4,26,66
SLGA,high_flexibility,4,27,66
SLGA,high_flexibility,4,28,66
SLGA,high_flexibility,4,29,66
SLGA,high_flexibility,4,30,66
SLGA,high_flexibility,4,31,66
SLGA,high_flexibility,4,32,66
SLGA,high_flexibility,4,33,66
SLGA,high_flexibility,4,34,66
SLGA,high_flexibility,4,35,66
SLGA,high_flexibility,4,36,66
SLGA,high_flexibility,4,37,66
SLGA,high_flexibility,4,38,66
SLGA,high_flexibility,4,39,66
SLGA,high_flexibility,4,40,66
SLGA,high_flexibility,4,41,66
SLGA,high_flexibility,4,42,66
SLGA,high_flexibility,4,43,66
SLGA,high_flexibility,4,44,66
SLGA,high_flexibility,4,45,66
SLGA,high_flexibility,4,46,66
SLGA,high_flexibility,4,47,66
SLGA,high_flexibility,4,48,66
SLGA,high_flexibility,4,49,66
SLGA,high_flexibility,4,50,66
SLGA,high_flexibility,4,51,66
SLGA,high_flexibility,4,52,66
SLGA,high_flexibility,4,53,66
SLGA,high_flexibility,4,54,66
SLGA,high_flexibility,4,55,66
SLGA,high_flexibility,4,56,66
SLGA,high_flexibility,4,57,66
SLGA,high_flexibility,4,58,66
SLGA,high_flexibility,4,59,66
SLGA,high_flexibility,4,60,66
SLGA,high_flexibility,4,61,66
SLGA,high_flexibility,4,62,66
SLGA,high_flexibility,4,63,66
SLGA,high_flexibility,4,64,66
SLGA,high_flexibility,4,65,66
SLGA,high_flexibility,4,66,66
SLGA,high_flexibility,4,67,66
SLGA,high_flexibility,4,68,66
SLGA,high_flexibility,4,69,66
SLGA,high_flexibility,4,70,66
SLGA,high_flexibility,4,71,66
SLGA,high_flexibility,4,72,66
SLGA,high_flexibility,4,73,66
SLGA,high_flexibility,4,74,66
SLGA,high_flexibility,4,75,66
SLGA,high_flexibility,4,76,66
SLGA,high_flexibility,4,77,66
SLGA,high_flexibility,4,78,66
SLGA,high_flexibility,4,79,66
SLGA,high_flexibility,4,80,66
GA,high_flexibility,5,0,70
GA,high_flexibility,5,1,70
GA,high_flexibility,5,2,70
GA,high_flexibility,5,3,70
GA,high_flexibility,5,4,70
GA,high_flexibility,5,5,70
GA,high_flexibility,5,6,70
GA,high_flexibility,5,7,70
GA,high_flexibility,5,8,70
GA,high_flexibility,5,9,70
GA,high_flexibility,5,10,70
GA,high_flexibility,5,11,70
GA,high_flexibility,5,12,70
GA,high_flexibility,5,13,70
GA,high_flexibility,5,14,70
GA,high_flexibility,5,15,70
GA,high_flexibility,5,16,70
GA,high_flexibility,5,17,70
GA,high_flexibility,5,18,70
GA,high_flexibility,5,19,70
GA,high_flexibility,5,20,70
GA,high_flexibility,5,21,70
GA,high_flexibility,5,22,70
GA,high_flexibility,5,23,70
GA,high_flexibility,5,24,70
GA,high_flexibility,5,25,70
GA,high_flexibility,5,26,70
GA,high_flexibility,5,27,70
GA,high_flexibility,5,28,70
GA,high_flexibility,5,29,70
GA,high_flexibility,5,30,70
GA,high_flexibility,5,31,70
GA,high_flexibility,5,32,70
GA,high_flexibility,5,33,70
GA,high_flexibility,5,34,70
GA,high_flexibility,5,35,70
GA,high_flexibility,5,36,70
GA,high_flexibility,5,37,70
GA,high_flexibility,5,38,70
GA,high_flexibility,5,39,70
GA,high_flexibility,5,40,70
GA,high_flexibility,5,41,70
GA,high_flexibility,5,42,70
GA,high_flexibility,5,43,70
GA,high_flexibility,5,44,70
GA,high_flexibility,5,45,70
GA,high_flexibility,5,46,70
GA,high_flexibility,5,47,70
GA,high_flexibility,5,48,70
GA,high_flexibility,5,49,70
GA,high_flexibility,5,50,70
GA,high_flexibility,5,51,70
GA,high_flexibility,5,52,70
GA,high_flexibility,5,53,70
GA,high_flexibility,5,54,70
GA,high_flexibility,5,55,70
GA,high_flexibility,5,56,70
GA,high_flexibility,5,57,70
GA,high_flexibility,5,58,70
GA,high_flexibility,5,59,70
GA,high_flexibility,5,60,70
GA,high_flexibility,5,61,70
GA,high_flexibility,5,62,70
GA,high_flexibility,5,63,70
GA,high_flexibility,5,64,70
GA,high_flexibility,5,65,70
GA,high_flexibility,5,66,70
GA,high_flexibility,5,67,70
GA,high_flexibility,5,68,70
GA,high_flexibility,5,69,70
GA,high_flexibility,5,70,70
GA,high_flexibility,5,71,70
GA,high_flexibility,5,72,70
GA,high_flexibility,5,73,70
GA,high_flexibility,5,74,70
GA,high_flexibility,5,75,70
GA,high_flexibility,5,76,70
GA,high_flexibility,5,77,70
GA,high_flexibility,5,78,70
GA,high_flexibility,5,79,70
GA,high_flexibility,5,80,70
SLGA,high_flexibility,5,0,70
SLGA,high_flexibility,5,1,70
SLGA,high_flexibility,5,2,70
SLGA,high_flexibility,5,3,70
SLGA,high_flexibility,5,4,70
SLGA,high_flexibility,5,5,70
SLGA,high_flexibility,5,6,70
SLGA,high_flexibility,5,7,70
SLGA,high_flexibility,5,8,70
SLGA,high_flexibility,5,9,70
SLGA,high_flexibility,5,10,70
SLGA,high_flexibility,5,11,70
SLGA,high_flexibility,5,12,70
SLGA,high_flexibility,5,13,70
SLGA,high_flexibility,5,14,70
SLGA,high_flexibility,5,15,70
SLGA,high_flexibility,5,16,70
SLGA,high_flexibility,5,17,70
SLGA,high_flexibility,5,18,70
SLGA,high_flexibility,5,19,70
SLGA,high_flexibility,5,20,70
SLGA,high_flexibility,5,21,70
SLGA,high_flexibility,5,22,70
SLGA,high_flexibility,5,23,70
SLGA,high_flexibility,5,24,70
SLGA,high_flexibility,5,25,70
SLGA,high_flexibility,5,26,70
SLGA,high_flexibility,5,27,70
SLGA,high_flexibility,5,28,70
SLGA,high_flexibility,5,29,70
SLGA,high_flexibility,5,30,70
SLGA,high_flexibility,5,31,70
SLGA,high_flexibility,5,32,70
SLGA,high_flexibility,5,33,70
SLGA,high_flexibility,5,34,70
SLGA,high_flexibility,5,35,70
SLGA,high_flexibility,5,36,70
SLGA,high_flexibility,5,37,70
SLGA,high_flexibility,5,38,70
SLGA,high_flexibility,5,39,70
SLGA,high_flexibility,5,40,70
SLGA,high_flexibility,5,41,70
SLGA,high_flexibility,5,42,70
SLGA,high_flexibility,5,43,70
SLGA,high_flexibility,5,44,70
SLGA,high_flexibility,5,45,70
SLGA,high_flexibility,5,46,70
SLGA,high_flexibility,5,47,70
SLGA,high_flexibility,5,48,70
SLGA,high_flexibility,5,49,70
SLGA,high_flexibility,5,50,70
SLGA,high_flexibility,5,51,70
SLGA,high_flexibility,5,52,70
SLGA,high_flexibility,5,53,70
SLGA,high_flexibility,5,54,70
SLGA,high_flexibility,5,55,70
SLGA,high_flexibility,5,56,70
SLGA,high_flexibility,5,57,70
SLGA,high_flexibility,5,58,70
SLGA,high_flexibility,5,59,70
SLGA,high_flexibility,5,60,70
SLGA,high_flexibility,5,61,70
SLGA,high_flexibility,5,62,70
SLGA,high_flexibility,5,63,70
SLGA,high_flexibility,5,64,70
SLGA,high_flexibility,5,65,70
SLGA,high_flexibility,5,66,70
SLGA,high_flexibility,5,67,70
SLGA,high_flexibility,5,68,70
SLGA,high_flexibility,5,69,70
SLGA,high_flexibility,5,70,70
SLGA,high_flexibility,5,71,70
SLGA,high_flexibility,5,72,70
SLGA,high_flexibility,5,73,70
SLGA,high_flexibility,5,74,70
SLGA,high_flexibility,5,75,70
SLGA,high_flexibility,5,76,70
SLGA,high_flexibility,5,77,70
SLGA,high_flexibility,5,78,70
SLGA,high_flexibility,5,79,70
SLGA,high_flexibility,5,80,70
GA,bottleneck_heavy,1,0,94
GA,bottleneck_heavy,1,1,94
GA,bottleneck_heavy,1,2,94
GA,bottleneck_heavy,1,3,94
GA,bottleneck_heavy,1,4,94
GA,bottleneck_heavy,1,5,94
GA,bottleneck_heavy,1,6,94
GA,bottleneck_heavy,1,7,94
GA,bottleneck_heavy,1,8,94
GA,bottleneck_heavy,1,9,94
GA,bottleneck_heavy,1,10,94
GA,bottleneck_heavy,1,11,94
GA,bottleneck_heavy,1,12,94
GA,bottleneck_heavy,1,13,94
GA,bottleneck_heavy,1,14,94
GA,bottleneck_heavy,1,15,94
GA,bottleneck_heavy,1,16,94
GA,bottleneck_heavy,1,17,94
GA,bottleneck_heavy,1,18,94
GA,bottleneck_heavy,1,19,94
GA,bottleneck_heavy,1,20,94
GA,bottleneck_heavy,1,21,94
GA,bottleneck_heavy,1,22,94
GA,bottleneck_heavy,1,23,94
GA,bottleneck_heavy,1,24,94
GA,bottleneck_heavy,1,25,94
GA,bottleneck_heavy,1,26,94
GA,bottleneck_heavy,1,27,94
GA,bottleneck_heavy,1,28,94
GA,bottleneck_heavy,1,29,94
GA,bottleneck_heavy,1,30,94
GA,bottleneck_heavy,1,31,94
GA,bottleneck_heavy,1,32,94
GA,bottleneck_heavy,1,33,94
GA,bottleneck_heavy,1,34,94
GA,bottleneck_heavy,1,35,94
GA,bottleneck_heavy,1,36,94
GA,bottleneck_heavy,1,37,94
GA,bottleneck_heavy,1,38,94
GA,bottleneck_heavy,1,39,94
GA,bottleneck_heavy,1,40,94
GA,bottleneck_heavy,1,41,94
GA,bottleneck_heavy,1,42,94
GA,bottleneck_heavy,1,43,94
GA,bottleneck_heavy,1,44,94
GA,bottleneck_heavy,1,45,94
GA,bottleneck_heavy,1,46,94
GA,bottleneck_heavy,1,47,94
GA,bottleneck_heavy,1,48,94
GA,bottleneck_heavy,1,49,94
GA,bottleneck_heavy,1,50,94
GA,bottleneck_heavy,1,51,94
GA,bottleneck_heavy,1,52,94
GA,bottleneck_heavy,1,53,94
GA,bottleneck_heavy,1,54,94
GA,bottleneck_heavy,1,55,94
GA,bottleneck_heavy,1,56,94
GA,bottleneck_heavy,1,57,94
GA,bottleneck_heavy,1,58,94
GA,bottleneck_heavy,1,59,94
GA,bottleneck_heavy,1,60,94
GA,bottleneck_heavy,1,61,94
GA,bottleneck_heavy,1,62,94
GA,bottleneck_heavy,1,63,94
GA,bottleneck_heavy,1,64,94
GA,bottleneck_heavy,1,65,94
GA,bottleneck_heavy,1,66,94
GA,bottleneck_heavy,1,67,94
GA,bottleneck_heavy,1,68,94
GA,bottleneck_heavy,1,69,94
GA,bottleneck_heavy,1,70,94
GA,bottleneck_heavy,1,71,94
GA,bottleneck_heavy,1,72,94
GA,bottleneck_heavy,1,73,94
GA,bottleneck_heavy,1,74,94
GA,bottleneck_heavy,1,75,94
GA,bottleneck_heavy,1,76,94
GA,bottleneck_heavy,1,77,94
GA,bottleneck_heavy,1,78,94
GA,bottleneck_heavy,1,79,94
GA,bottleneck_heavy,1,80,94
SLGA,bottleneck_heavy,1,0,94
SLGA,bottleneck_heavy,1,1,94
SLGA,bottleneck_heavy,1,2,94
SLGA,bottleneck_heavy,1,3,94
SLGA,bottleneck_heavy,1,4,94
SLGA,bottleneck_heavy,1,5,94
SLGA,bottleneck_heavy,1,6,94
SLGA,bottleneck_heavy,1,7,94
SLGA,bottleneck_heavy,1,8,94
SLGA,bottleneck_heavy,1,9,94
SLGA,bottleneck_heavy,1,10,94
SLGA,bottleneck_heavy,1,11,94
SLGA,bottleneck_heavy,1,12,94
SLGA,bottleneck_heavy,1,13,94
SLGA,bottleneck_heavy,1,14,94
SLGA,bottleneck_heavy,1,15,94
SLGA,bottleneck_heavy,1,16,94
SLGA,bottleneck_heavy,1,17,94
SLGA,bottleneck_heavy,1,18,94
SLGA,bottleneck_heavy,1,19,94
SLGA,bottleneck_heavy,1,20,94
SLGA,bottleneck_heavy,1,21,94
SLGA,bottleneck_heavy,1,22,94
SLGA,bottleneck_heavy,1,23,94
SLGA,bottleneck_heavy,1,24,94
SLGA,bottleneck_heavy,1,25,94
SLGA,bottleneck_heavy,1,26,94
SLGA,bottleneck_heavy,1,27,94
SLGA,bottleneck_heavy,1,28,94
SLGA,bottleneck_heavy,1,29,94
SLGA,bottleneck_heavy,1,30,94
SLGA,bottleneck_heavy,1,31,94
SLGA,bottleneck_heavy,1,32,94
SLGA,bottleneck_heavy,1,33,94
SLGA,bottleneck_heavy,1,34,94
SLGA,bottleneck_heavy,1,35,94
SLGA,bottleneck_heavy,1,36,94
SLGA,bottleneck_heavy,1,37,94
SLGA,bottleneck_heavy,1,38,94
SLGA,bottleneck_heavy,1,39,94
SLGA,bottleneck_heavy,1,40,94
SLGA,bottleneck_heavy,1,41,94
SLGA,bottleneck_heavy,1,42,94
SLGA,bottleneck_heavy,1,43,94
SLGA,bottleneck_heavy,1,44,94
SLGA,bottleneck_heavy,1,45,94
SLGA,bottleneck_heavy,1,46,94
SLGA,bottleneck_heavy,1,47,94
SLGA,bottleneck_heavy,1,48,94
SLGA,bottleneck_heavy,1,49,94
SLGA,bottleneck_heavy,1,50,94
SLGA,bottleneck_heavy,1,51,94
SLGA,bottleneck_heavy,1,52,94
SLGA,bottleneck_heavy,1,53,94
SLGA,bottleneck_heavy,1,54,94
SLGA,bottleneck_heavy,1,55,94
SLGA,bottleneck_heavy,1,56,94
SLGA,bottleneck_heavy,1,57,94
SLGA,bottleneck_heavy,1,58,94
SLGA,bottleneck_heavy,1,59,94
SLGA,bottleneck_heavy,1,60,94
SLGA,bottleneck_heavy,1,61,94
SLGA,bottleneck_heavy,1,62,94
SLGA,bottleneck_heavy,1,63,94
SLGA,bottleneck_heavy,1,64,94
SLGA,bottleneck_heavy,1,65,94
SLGA,bottleneck_heavy,1,66,94
SLGA,bottleneck_heavy,1,67,94
SLGA,bottleneck_heavy,1,68,94
SLGA,bottleneck_heavy,1,69,94
SLGA,bottleneck_heavy,1,70,94
SLGA,bottleneck_heavy,1,71,94
SLGA,bottleneck_heavy,1,72,94
SLGA,bottleneck_heavy,1,73,94
SLGA,bottleneck_heavy,1,74,94
SLGA,bottleneck_heavy,1,75,94
SLGA,bottleneck_heavy,1,76,94
SLGA,bottleneck_heavy,1,77,94
SLGA,bottleneck_heavy,1,78,94
SLGA,bottleneck_heavy,1,79,94
SLGA,bottleneck_heavy,1,80,94
GA,bottleneck_heavy,2,0,98
GA,bottleneck_heavy,2,1,98
GA,bottleneck_heavy,2,2,98
GA,bottleneck_heavy,2,3,98
GA,bottleneck_heavy,2,4,98
GA,bottleneck_heavy,2,5,98
GA,bottleneck_heavy,2,6,98
GA,bottleneck_heavy,2,7,98
GA,bottleneck_heavy,2,8,98
GA,bottleneck_heavy,2,9,98
GA,bottleneck_heavy,2,10,98
GA,bottleneck_heavy,2,11,98
GA,bottleneck_heavy,2,12,98
GA,bottleneck_heavy,2,13,98
GA,bottleneck_heavy,2,14,98
GA,bottleneck_heavy,2,15,98
GA,bottleneck_heavy,2,16,98
GA,bottleneck_heavy,2,17,98
GA,bottleneck_heavy,2,18,98
GA,bottleneck_heavy,2,19,98
GA,bottleneck_heavy,2,20,98
GA,bottleneck_heavy,2,21,98
GA,bottleneck_heavy,2,22,98
GA,bottleneck_heavy,2,23,98
GA,bottleneck_heavy,2,24,98
GA,bottleneck_heavy,2,25,98
GA,bottleneck_heavy,2,26,98
GA,bottleneck_heavy,2,27,98
GA,bottleneck_heavy,2,28,98
GA,bottleneck_heavy,2,29,98
GA,bottleneck_heavy,2,30,98
GA,bottleneck_heavy,2,31,98
GA,bottleneck_heavy,2,32,98
GA,bottleneck_heavy,2,33,98
GA,bottleneck_heavy,2,34,98
GA,bottleneck_heavy,2,35,98
GA,bottleneck_heavy,2,36,98
GA,bottleneck_heavy,2,37,98
GA,bottleneck_heavy,2,38,98
GA,bottleneck_heavy,2,39,98
GA,bottleneck_heavy,2,40,98
GA,bottleneck_heavy,2,41,98
GA,bottleneck_heavy,2,42,98
GA,bottleneck_heavy,2,43,98
GA,bottleneck_heavy,2,44,98
GA,bottleneck_heavy,2,45,98
GA,bottleneck_heavy,2,46,98
GA,bottleneck_heavy,2,47,98
GA,bottleneck_heavy,2,48,98
GA,bottleneck_heavy,2,49,98
GA,bottleneck_heavy,2,50,98
GA,bottleneck_heavy,2,51,98
GA,bottleneck_heavy,2,52,98
GA,bottleneck_heavy,2,53,98
GA,bottleneck_heavy,2,54,98
GA,bottleneck_heavy,2,55,98
GA,bottleneck_heavy,2,56,98
GA,bottleneck_heavy,2,57,98
GA,bottleneck_heavy,2,58,98
GA,bottleneck_heavy,2,59,98
GA,bottleneck_heavy,2,60,98
GA,bottleneck_heavy,2,61,98
GA,bottleneck_heavy,2,62,98
GA,bottleneck_heavy,2,63,98
GA,bottleneck_heavy,2,64,98
GA,bottleneck_heavy,2,65,98
GA,bottleneck_heavy,2,66,98
GA,bottleneck_heavy,2,67,98
GA,bottleneck_heavy,2,68,98
GA,bottleneck_heavy,2,69,98
GA,bottleneck_heavy,2,70,98
GA,bottleneck_heavy,2,71,98
GA,bottleneck_heavy,2,72,98
GA,bottleneck_heavy,2,73,98
GA,bottleneck_heavy,2,74,98
GA,bottleneck_heavy,2,75,98
GA,bottleneck_heavy,2,76,98
GA,bottleneck_heavy,2,77,98
GA,bottleneck_heavy,2,78,98
GA,bottleneck_heavy,2,79,98
GA,bottleneck_heavy,2,80,98
SLGA,bottleneck_heavy,2,0,98
SLGA,bottleneck_heavy,2,1,98
SLGA,bottleneck_heavy,2,2,98
SLGA,bottleneck_heavy,2,3,98
SLGA,bottleneck_heavy,2,4,98
SLGA,bottleneck_heavy,2,5,98
SLGA,bottleneck_heavy,2,6,98
SLGA,bottleneck_heavy,2,7,98
SLGA,bottleneck_heavy,2,8,98
SLGA,bottleneck_heavy,2,9,98
SLGA,bottleneck_heavy,2,10,98
SLGA,bottleneck_heavy,2,11,98
SLGA,bottleneck_heavy,2,12,98
SLGA,bottleneck_heavy,2,13,98
SLGA,bottleneck_heavy,2,14,98
SLGA,bottleneck_heavy,2,15,98
SLGA,bottleneck_heavy,2,16,98
SLGA,bottleneck_heavy,2,17,98
SLGA,bottleneck_heavy,2,18,98
SLGA,bottleneck_heavy,2,19,98
SLGA,bottleneck_heavy,2,20,98
SLGA,bottleneck_heavy,2,21,98
SLGA,bottleneck_heavy,2,22,98
SLGA,bottleneck_heavy,2,23,98
SLGA,bottleneck_heavy,2,24,98
SLGA,bottleneck_heavy,2,25,98
SLGA,bottleneck_heavy,2,26,98
SLGA,bottleneck_heavy,2,27,98
SLGA,bottleneck_heavy,2,28,98
SLGA,bottleneck_heavy,2,29,98
SLGA,bottleneck_heavy,2,30,98
SLGA,bottleneck_heavy,2,31,98
SLGA,bottleneck_heavy,2,32,98
SLGA,bottleneck_heavy,2,33,98
SLGA,bottleneck_heavy,2,34,98
SLGA,bottleneck_heavy,2,35,98
SLGA,bottleneck_heavy,2,36,98
SLGA,bottleneck_heavy,2,37,98
SLGA,bottleneck_heavy,2,38,98
SLGA,bottleneck_heavy,2,39,98
SLGA,bottleneck_heavy,2,40,98
SLGA,bottleneck_heavy,2,41,98
SLGA,bottleneck_heavy,2,42,98
SLGA,bottleneck_heavy,2,43,98
SLGA,bottleneck_heavy,2,44,98
SLGA,bottleneck_heavy,2,45,98
SLGA,bottleneck_heavy,2,46,98
SLGA,bottleneck_heavy,2,47,98
SLGA,bottleneck_heavy,2,48,98
SLGA,bottleneck_heavy,2,49,98
SLGA,bottleneck_heavy,2,50,98
SLGA,bottleneck_heavy,2,51,98
SLGA,bottleneck_heavy,2,52,98
SLGA,bottleneck_heavy,2,53,98
SLGA,bottleneck_heavy,2,54,98
SLGA,bottleneck_heavy,2,55,98
SLGA,bottleneck_heavy,2,56,98
SLGA,bottleneck_heavy,2,57,98
SLGA,bottleneck_heavy,2,58,98
SLGA,bottleneck_heavy,2,59,98
SLGA,bottleneck_heavy,2,60,98
SLGA,bottleneck_heavy,2,61,98
SLGA,bottleneck_heavy,2,62,98
SLGA,bottleneck_heavy,2,63,98
SLGA,bottleneck_heavy,2,64,98
SLGA,bottleneck_heavy,2,65,98
SLGA,bottleneck_heavy,2,66,98
SLGA,bottleneck_heavy,2,67,98
SLGA,bottleneck_heavy,2,68,98
SLGA,bottleneck_heavy,2,69,98
SLGA,bottleneck_heavy,2,70,98
SLGA,bottleneck_heavy,2,71,98
SLGA,bottleneck_heavy,2,72,98
SLGA,bottleneck_heavy,2,73,98
SLGA,bottleneck_heavy,2,74,98
SLGA,bottleneck_heavy,2,75,98
SLGA,bottleneck_heavy,2,76,98
SLGA,bottleneck_heavy,2,77,98
SLGA,bottleneck_heavy,2,78,98
SLGA,bottleneck_heavy,2,79,98
SLGA,bottleneck_heavy,2,80,98
GA,bottleneck_heavy,3,0,77
GA,bottleneck_heavy,3,1,77
GA,bottleneck_heavy,3,2,77
GA,bottleneck_heavy,3,3,77
GA,bottleneck_heavy,3,4,77
GA,bottleneck_heavy,3,5,77
GA,bottleneck_heavy,3,6,77
GA,bottleneck_heavy,3,7,77
GA,bottleneck_heavy,3,8,77
GA,bottleneck_heavy,3,9,77
GA,bottleneck_heavy,3,10,77
GA,bottleneck_heavy,3,11,77
GA,bottleneck_heavy,3,12,77
GA,bottleneck_heavy,3,13,77
GA,bottleneck_heavy,3,14,77
GA,bottleneck_heavy,3,15,77
GA,bottleneck_heavy,3,16,77
GA,bottleneck_heavy,3,17,77
GA,bottleneck_heavy,3,18,77
GA,bottleneck_heavy,3,19,77
GA,bottleneck_heavy,3,20,77
GA,bottleneck_heavy,3,21,77
GA,bottleneck_heavy,3,22,77
GA,bottleneck_heavy,3,23,77
GA,bottleneck_heavy,3,24,77
GA,bottleneck_heavy,3,25,77
GA,bottleneck_heavy,3,26,77
GA,bottleneck_heavy,3,27,77
GA,bottleneck_heavy,3,28,77
GA,bottleneck_heavy,3,29,77
GA,bottleneck_heavy,3,30,77
GA,bottleneck_heavy,3,31,77
GA,bottleneck_heavy,3,32,77
GA,bottleneck_heavy,3,33,77
GA,bottleneck_heavy,3,34,77
GA,bottleneck_heavy,3,35,77
GA,bottleneck_heavy,3,36,77
GA,bottleneck_heavy,3,37,77
GA,bottleneck_heavy,3,38,77
GA,bottleneck_heavy,3,39,77
GA,bottleneck_heavy,3,40,77
GA,bottleneck_heavy,3,41,77
GA,bottleneck_heavy,3,42,77
GA,bottleneck_heavy,3,43,77
GA,bottleneck_heavy,3,44,77
GA,bottleneck_heavy,3,45,77
GA,bottleneck_heavy,3,46,77
GA,bottleneck_heavy,3,47,77
GA,bottleneck_heavy,3,48,77
GA,bottleneck_heavy,3,49,77
GA,bottleneck_heavy,3,50,77
GA,bottleneck_heavy,3,51,77
GA,bottleneck_heavy,3,52,77
GA,bottleneck_heavy,3,53,77
GA,bottleneck_heavy,3,54,77
GA,bottleneck_heavy,3,55,77
GA,bottleneck_heavy,3,56,77
GA,bottleneck_heavy,3,57,77
GA,bottleneck_heavy,3,58,77
GA,bottleneck_heavy,3,59,77
GA,bottleneck_heavy,3,60,77
GA,bottleneck_heavy,3,61,77
GA,bottleneck_heavy,3,62,77
GA,bottleneck_heavy,3,63,77
GA,bottleneck_heavy,3,64,77
GA,bottleneck_heavy,3,65,77
GA,bottleneck_heavy,3,66,77
GA,bottleneck_heavy,3,67,77
GA,bottleneck_heavy,3,68,77
GA,bottleneck_heavy,3,69,77
GA,bottleneck_heavy,3,70,77
GA,bottleneck_heavy,3,71,77
GA,bottleneck_heavy,3,72,77
GA,bottleneck_heavy,3,73,77
GA,bottleneck_heavy,3,74,77
GA,bottleneck_heavy,3,75,77
GA,bottleneck_heavy,3,76,77
GA,bottleneck_heavy,3,77,77
GA,bottleneck_heavy,3,78,77
GA,bottleneck_heavy,3,79,77
GA,bottleneck_heavy,3,80,77
SLGA,bottleneck_heavy,3,0,77
SLGA,bottleneck_heavy,3,1,77
SLGA,bottleneck_heavy,3,2,77
SLGA,bottleneck_heavy,3,3,77
SLGA,bottleneck_heavy,3,4,77
SLGA,bottleneck_heavy,3,5,77
SLGA,bottleneck_heavy,3,6,77
SLGA,bottleneck_heavy,3,7,77
SLGA,bottleneck_heavy,3,8,77
SLGA,bottleneck_heavy,3,9,77
SLGA,bottleneck_heavy,3,10,77
SLGA,bottleneck_heavy,3,11,77
SLGA,bottleneck_heavy,3,12,77
SLGA,bottleneck_heavy,3,13,77
SLGA,bottleneck_heavy,3,14,77
SLGA,bottleneck_heavy,3,15,77
SLGA,bottleneck_heavy,3,16,77
SLGA,bottleneck_heavy,3,17,77
SLGA,bottleneck_heavy,3,18,77
SLGA,bottleneck_heavy,3,19,77
SLGA,bottleneck_heavy,3,20,77
SLGA,bottleneck_heavy,3,21,77
SLGA,bottleneck_heavy,3,22,77
SLGA,bottleneck_heavy,3,23,77
SLGA,bottleneck_heavy,3,24,77
SLGA,bottleneck_heavy,3,25,77
SLGA,bottleneck_heavy,3,26,77
SLGA,bottleneck_heavy,3,27,77
SLGA,bottleneck_heavy,3,28,77
SLGA,bottleneck_heavy,3,29,77
SLGA,bottleneck_heavy,3,30,77
SLGA,bottleneck_heavy,3,31,77
SLGA,bottleneck_heavy,3,32,77
SLGA,bottleneck_heavy,3,33,77
SLGA,bottleneck_heavy,3,34,77
SLGA,bottleneck_heavy,3,35,77
SLGA,bottleneck_heavy,3,36,77
SLGA,bottleneck_heavy,3,37,77
SLGA,bottleneck_heavy,3,38,77
SLGA,bottleneck_heavy,3,39,77
SLGA,bottleneck_heavy,3,40,77
SLGA,bottleneck_heavy,3,41,77
SLGA,bottleneck_heavy,3,42,77
SLGA,bottleneck_heavy,3,43,77
SLGA,bottleneck_heavy,3,44,77
SLGA,bottleneck_heavy,3,45,77
SLGA,bottleneck_heavy,3,46,77
SLGA,bottleneck_heavy,3,47,77
SLGA,bottleneck_heavy,3,48,77
SLGA,bottleneck_heavy,3,49,77
SLGA,bottleneck_heavy,3,50,77
SLGA,bottleneck_heavy,3,51,77
SLGA,bottleneck_heavy,3,52,77
SLGA,bottleneck_heavy,3,53,77
SLGA,bottleneck_heavy,3,54,77
SLGA,bottleneck_heavy,3,55,77
SLGA,bottleneck_heavy,3,56,77
SLGA,bottleneck_heavy,3,57,77
SLGA,bottleneck_heavy,3,58,77
SLGA,bottleneck_heavy,3,59,77
SLGA,bottleneck_heavy,3,60,77
SLGA,bottleneck_heavy,3,61,77
SLGA,bottleneck_heavy,3,62,77
SLGA,bottleneck_heavy,3,63,77
SLGA,bottleneck_heavy,3,64,77
SLGA,bottleneck_heavy,3,65,77
SLGA,bottleneck_heavy,3,66,77
SLGA,bottleneck_heavy,3,67,77
SLGA,bottleneck_heavy,3,68,77
SLGA,bottleneck_heavy,3,69,77
SLGA,bottleneck_heavy,3,70,77
SLGA,bottleneck_heavy,3,71,77
SLGA,bottleneck_heavy,3,72,77
SLGA,bottleneck_heavy,3,73,77
SLGA,bottleneck_heavy,3,74,77
SLGA,bottleneck_heavy,3,75,77
SLGA,bottleneck_heavy,3,76,77
SLGA,bottleneck_heavy,3,77,77
SLGA,bottleneck_heavy,3,78,77
SLGA,bottleneck_heavy,3,79,77
SLGA,bottleneck_heavy,3,80,77
GA,bottleneck_heavy,4,0,85
GA,bottleneck_heavy,4,1,85
GA,bottleneck_heavy,4,2,85
GA,bottleneck_heavy,4,3,85
GA,bottleneck_heavy,4,4,85
GA,bottleneck_heavy,4,5,85
GA,bottleneck_heavy,4,6,85
GA,bottleneck_heavy,4,7,85
GA,bottleneck_heavy,4,8,85
GA,bottleneck_heavy,4,9,85
GA,bottleneck_heavy,4,10,85
GA,bottleneck_heavy,4,11,85
GA,bottleneck_heavy,4,12,85
GA,bottleneck_heavy,4,13,85
GA,bottleneck_heavy,4,14,85
GA,bottleneck_heavy,4,15,85
GA,bottleneck_heavy,4,16,85
GA,bottleneck_heavy,4,17,85
GA,bottleneck_heavy,4,18,85
GA,bottleneck_heavy,4,19,85
GA,bottleneck_heavy,4,20,85
GA,bottleneck_heavy,4,21,85
GA,bottleneck_heavy,4,22,85
GA,bottleneck_heavy,4,23,85
GA,bottleneck_heavy,4,24,85
GA,bottleneck_heavy,4,25,85
GA,bottleneck_heavy,4,26,85
GA,bottleneck_heavy,4,27,85
GA,bottleneck_heavy,4,28,85
GA,bottleneck_heavy,4,29,85
GA,bottleneck_heavy,4,30,85
GA,bottleneck_heavy,4,31,85
GA,bottleneck_heavy,4,32,85
GA,bottleneck_heavy,4,33,85
GA,bottleneck_heavy,4,34,85
GA,bottleneck_heavy,4,35,85
GA,bottleneck_heavy,4,36,85
GA,bottleneck_heavy,4,37,85
GA,bottleneck_heavy,4,38,85
GA,bottleneck_heavy,4,39,85
GA,bottleneck_heavy,4,40,85
GA,bottleneck_heavy,4,41,85
GA,bottleneck_heavy,4,42,85
GA,bottleneck_heavy,4,43,85
GA,bottleneck_heavy,4,44,85
GA,bottleneck_heavy,4,45,85
GA,bottleneck_heavy,4,46,85
GA,bottleneck_heavy,4,47,85
GA,bottleneck_heavy,4,48,85
GA,bottleneck_heavy,4,49,85
GA,bottleneck_heavy,4,50,85
GA,bottleneck_heavy,4,51,85
GA,bottleneck_heavy,4,52,85
GA,bottleneck_heavy,4,53,85
GA,bottleneck_heavy,4,54,85
GA,bottleneck_heavy,4,55,85
GA,bottleneck_heavy,4,56,85
GA,bottleneck_heavy,4,57,85
GA,bottleneck_heavy,4,58,85
GA,bottleneck_heavy,4,59,85
GA,bottleneck_heavy,4,60,85
GA,bottleneck_heavy,4,61,85
GA,bottleneck_heavy,4,62,85
GA,bottleneck_heavy,4,63,85
GA,bottleneck_heavy,4,64,85
GA,bottleneck_heavy,4,65,85
GA,bottleneck_heavy,4,66,85
GA,bottleneck_heavy,4,67,85
GA,bottleneck_heavy,4,68,85
GA,bottleneck_heavy,4,69,85
GA,bottleneck_heavy,4,70,85
GA,bottleneck_heavy,4,71,85
GA,bottleneck_heavy,4,72,85
GA,bottleneck_heavy,4,73,85
GA,bottleneck_heavy,4,74,85
GA,bottleneck_heavy,4,75,85
GA,bottleneck_heavy,4,76,85
GA,bottleneck_heavy,4,77,85
GA,bottleneck_heavy,4,78,85
GA,bottleneck_heavy,4,79,85
GA,bottleneck_heavy,4,80,85
SLGA,bottleneck_heavy,4,0,85
SLGA,bottleneck_heavy,4,1,85
SLGA,bottleneck_heavy,4,2,85
SLGA,bottleneck_heavy,4,3,85
SLGA,bottleneck_heavy,4,4,85
SLGA,bottleneck_heavy,4,5,85
SLGA,bottleneck_heavy,4,6,85
SLGA,bottleneck_heavy,4,7,85
SLGA,bottleneck_heavy,4,8,85
SLGA,bottleneck_heavy,4,9,85
SLGA,bottleneck_heavy,4,10,85
SLGA,bottleneck_heavy,4,11,85
SLGA,bottleneck_heavy,4,12,85
SLGA,bottleneck_heavy,4,13,85
SLGA,bottleneck_heavy,4,14,85
SLGA,bottleneck_heavy,4,15,85
SLGA,bottleneck_heavy,4,16,85
SLGA,bottleneck_heavy,4,17,85
SLGA,bottleneck_heavy,4,18,85
SLGA,bottleneck_heavy,4,19,85
SLGA,bottleneck_heavy,4,20,85
SLGA,bottleneck_heavy,4,21,85
SLGA,bottleneck_heavy,4,22,85
SLGA,bottleneck_heavy,4,23,85
SLGA,bottleneck_heavy,4,24,85
SLGA,bottleneck_heavy,4,25,85
SLGA,bottleneck_heavy,4,26,85
SLGA,bottleneck_heavy,4,27,85
SLGA,bottleneck_heavy,4,28,85
SLGA,bottleneck_heavy,4,29,85
SLGA,bottleneck_heavy,4,30,85
SLGA,bottleneck_heavy,4,31,85
SLGA,bottleneck_heavy,4,32,85
SLGA,bottleneck_heavy,4,33,85
SLGA,bottleneck_heavy,4,34,85
SLGA,bottleneck_heavy,4,35,85
SLGA,bottleneck_heavy,4,36,85
SLGA,bottleneck_heavy,4,37,85
SLGA,bottleneck_heavy,4,38,85
SLGA,bottleneck_heavy,4,39,85
SLGA,bottleneck_heavy,4,40,85
SLGA,bottleneck_heavy,4,41,85
SLGA,bottleneck_heavy,4,42,85
SLGA,bottleneck_heavy,4,43,85
SLGA,bottleneck_heavy,4,44,85
SLGA,bottleneck_heavy,4,45,85
SLGA,bottleneck_heavy,4,46,85
SLGA,bottleneck_heavy,4,47,85
SLGA,bottleneck_heavy,4,48,85
SLGA,bottleneck_heavy,4,49,85
SLGA,bottleneck_heavy,4,50,85
SLGA,bottleneck_heavy,4,51,85
SLGA,bottleneck_heavy,4,52,85
SLGA,bottleneck_heavy,4,53,85
SLGA,bottleneck_heavy,4,54,85
SLGA,bottleneck_heavy,4,55,85
SLGA,bottleneck_heavy,4,56,85
SLGA,bottleneck_heavy,4,57,85
SLGA,bottleneck_heavy,4,58,83
SLGA,bottleneck_heavy,4,59,83
SLGA,bottleneck_heavy,4,60,83
SLGA,bottleneck_heavy,4,61,83
SLGA,bottleneck_heavy,4,62,83
SLGA,bottleneck_heavy,4,63,83
SLGA,bottleneck_heavy,4,64,83
SLGA,bottleneck_heavy,4,65,83
SLGA,bottleneck_heavy,4,66,83
SLGA,bottleneck_heavy,4,67,83
SLGA,bottleneck_heavy,4,68,83
SLGA,bottleneck_heavy,4,69,83
SLGA,bottleneck_heavy,4,70,83
SLGA,bottleneck_heavy,4,71,83
SLGA,bottleneck_heavy,4,72,83
SLGA,bottleneck_heavy,4,73,83
SLGA,bottleneck_heavy,4,74,83
SLGA,bottleneck_heavy,4,75,83
SLGA,bottleneck_heavy,4,76,83
SLGA,bottleneck_heavy,4,77,83
SLGA,bottleneck_heavy,4,78,81
SLGA,bottleneck_heavy,4,79,81
SLGA,bottleneck_heavy,4,80,81
GA,bottleneck_heavy,5,0,101
GA,bottleneck_heavy,5,1,101
GA,bottleneck_heavy,5,2,101
GA,bottleneck_heavy,5,3,101
GA,bottleneck_heavy,5,4,101
GA,bottleneck_heavy,5,5,101
GA,bottleneck_heavy,5,6,101
GA,bottleneck_heavy,5,7,101
GA,bottleneck_heavy,5,8,101
GA,bottleneck_heavy,5,9,101
GA,bottleneck_heavy,5,10,101
GA,bottleneck_heavy,5,11,101
GA,bottleneck_heavy,5,12,101
GA,bottleneck_heavy,5,13,101
GA,bottleneck_heavy,5,14,101
GA,bottleneck_heavy,5,15,101
GA,bottleneck_heavy,5,16,101
GA,bottleneck_heavy,5,17,101
GA,bottleneck_heavy,5,18,101
GA,bottleneck_heavy,5,19,101
GA,bottleneck_heavy,5,20,101
GA,bottleneck_heavy,5,21,101
GA,bottleneck_heavy,5,22,101
GA,bottleneck_heavy,5,23,101
GA,bottleneck_heavy,5,24,101
GA,bottleneck_heavy,5,25,101
GA,bottleneck_heavy,5,26,101
GA,bottleneck_heavy,5,27,101
GA,bottleneck_heavy,5,28,101
GA,bottleneck_heavy,5,29,101
GA,bottleneck_heavy,5,30,101
GA,bottleneck_heavy,5,31,101
GA,bottleneck_heavy,5,32,101
GA,bottleneck_heavy,5,33,101
GA,bottleneck_heavy,5,34,101
GA,bottleneck_heavy,5,35,101
GA,bottleneck_heavy,5,36,101
GA,bottleneck_heavy,5,37,101
GA,bottleneck_heavy,5,38,101
GA,bottleneck_heavy,5,39,101
GA,bottleneck_heavy,5,40,101
GA,bottleneck_heavy,5,41,101
GA,bottleneck_heavy,5,42,101
GA,bottleneck_heavy,5,43,101
GA,bottleneck_heavy,5,44,101
GA,bottleneck_heavy,5,45,101
GA,bottleneck_heavy,5,46,101
GA,bottleneck_heavy,5,47,101
GA,bottleneck_heavy,5,48,101
GA,bottleneck_heavy,5,49,101
GA,bottleneck_heavy,5,50,101
GA,bottleneck_heavy,5,51,101
GA,bottleneck_heavy,5,52,101
GA,bottleneck_heavy,5,53,101
GA,bottleneck_heavy,5,54,101
GA,bottleneck_heavy,5,55,101
GA,bottleneck_heavy,5,56,101
GA,bottleneck_heavy,5,57,101
GA,bottleneck_heavy,5,58,101
GA,bottleneck_heavy,5,59,101
GA,bottleneck_heavy,5,60,101
GA,bottleneck_heavy,5,61,101
GA,bottleneck_heavy,5,62,101
GA,bottleneck_heavy,5,63,101
GA,bottleneck_heavy,5,64,101
GA,bottleneck_heavy,5,65,101
GA,bottleneck_heavy,5,66,101
GA,bottleneck_heavy,5,67,101
GA,bottleneck_heavy,5,68,101
GA,bottleneck_heavy,5,69,101
GA,bottleneck_heavy,5,70,101
GA,bottleneck_heavy,5,71,101
GA,bottleneck_heavy,5,72,101
GA,bottleneck_heavy,5,73,101
GA,bottleneck_heavy,5,74,101
GA,bottleneck_heavy,5,75,101
GA,bottleneck_heavy,5,76,101
GA,bottleneck_heavy,5,77,101
GA,bottleneck_heavy,5,78,101
GA,bottleneck_heavy,5,79,101
GA,bottleneck_heavy,5,80,101
SLGA,bottleneck_heavy,5,0,101
SLGA,bottleneck_heavy,5,1,101
SLGA,bottleneck_heavy,5,2,101
SLGA,bottleneck_heavy,5,3,101
SLGA,bottleneck_heavy,5,4,101
SLGA,bottleneck_heavy,5,5,101
SLGA,bottleneck_heavy,5,6,101
SLGA,bottleneck_heavy,5,7,101
SLGA,bottleneck_heavy,5,8,101
SLGA,bottleneck_heavy,5,9,101
SLGA,bottleneck_heavy,5,10,101
SLGA,bottleneck_heavy,5,11,101
SLGA,bottleneck_heavy,5,12,101
SLGA,bottleneck_heavy,5,13,101
SLGA,bottleneck_heavy,5,14,101
SLGA,bottleneck_heavy,5,15,101
SLGA,bottleneck_heavy,5,16,101
SLGA,bottleneck_heavy,5,17,101
SLGA,bottleneck_heavy,5,18,101
SLGA,bottleneck_heavy,5,19,101
SLGA,bottleneck_heavy,5,20,101
SLGA,bottleneck_heavy,5,21,101
SLGA,bottleneck_heavy,5,22,101
SLGA,bottleneck_heavy,5,23,101
SLGA,bottleneck_heavy,5,24,101
SLGA,bottleneck_heavy,5,25,101
SLGA,bottleneck_heavy,5,26,101
SLGA,bottleneck_heavy,5,27,101
SLGA,bottleneck_heavy,5,28,101
SLGA,bottleneck_heavy,5,29,101
SLGA,bottleneck_heavy,5,30,101
SLGA,bottleneck_heavy,5,31,101
SLGA,bottleneck_heavy,5,32,101
SLGA,bottleneck_heavy,5,33,101
SLGA,bottleneck_heavy,5,34,101
SLGA,bottleneck_heavy,5,35,101
SLGA,bottleneck_heavy,5,36,101
SLGA,bottleneck_heavy,5,37,101
SLGA,bottleneck_heavy,5,38,101
SLGA,bottleneck_heavy,5,39,101
SLGA,bottleneck_heavy,5,40,101
SLGA,bottleneck_heavy,5,41,101
SLGA,bottleneck_heavy,5,42,101
SLGA,bottleneck_heavy,5,43,101
SLGA,bottleneck_heavy,5,44,101
SLGA,bottleneck_heavy,5,45,101
SLGA,bottleneck_heavy,5,46,101
SLGA,bottleneck_heavy,5,47,101
SLGA,bottleneck_heavy,5,48,101
SLGA,bottleneck_heavy,5,49,101
SLGA,bottleneck_heavy,5,50,101
SLGA,bottleneck_heavy,5,51,101
SLGA,bottleneck_heavy,5,52,101
SLGA,bottleneck_heavy,5,53,101
SLGA,bottleneck_heavy,5,54,101
SLGA,bottleneck_heavy,5,55,101
SLGA,bottleneck_heavy,5,56,101
SLGA,bottleneck_heavy,5,57,101
SLGA,bottleneck_heavy,5,58,101
SLGA,bottleneck_heavy,5,59,101
SLGA,bottleneck_heavy,5,60,101
SLGA,bottleneck_heavy,5,61,101
SLGA,bottleneck_heavy,5,62,101
SLGA,bottleneck_heavy,5,63,101
SLGA,bottleneck_heavy,5,64,101
SLGA,bottleneck_heavy,5,65,101
SLGA,bottleneck_heavy,5,66,101
SLGA,bottleneck_heavy,5,67,101
SLGA,bottleneck_heavy,5,68,101
SLGA,bottleneck_heavy,5,69,101
SLGA,bottleneck_heavy,5,70,101
SLGA,bottleneck_heavy,5,71,101
SLGA,bottleneck_heavy,5,72,101
SLGA,bottleneck_heavy,5,73,101
SLGA,bottleneck_heavy,5,74,101
SLGA,bottleneck_heavy,5,75,101
SLGA,bottleneck_heavy,5,76,101
SLGA,bottleneck_heavy,5,77,101
SLGA,bottleneck_heavy,5,78,101
SLGA,bottleneck_heavy,5,79,101
SLGA,bottleneck_heavy,5,80,101
GA,balanced,1,0,118
GA,balanced,1,1,118
GA,balanced,1,2,118
GA,balanced,1,3,118
GA,balanced,1,4,118
GA,balanced,1,5,118
GA,balanced,1,6,118
GA,balanced,1,7,118
GA,balanced,1,8,117
GA,balanced,1,9,117
GA,balanced,1,10,117
GA,balanced,1,11,117
GA,balanced,1,12,117
GA,balanced,1,13,117
GA,balanced,1,14,117
GA,balanced,1,15,110
GA,balanced,1,16,110
GA,balanced,1,17,110
GA,balanced,1,18,110
GA,balanced,1,19,110
GA,balanced,1,20,110
GA,balanced,1,21,110
GA,balanced,1,22,110
GA,balanced,1,23,110
GA,balanced,1,24,110
GA,balanced,1,25,110
GA,balanced,1,26,110
GA,balanced,1,27,110
GA,balanced,1,28,109
GA,balanced,1,29,109
GA,balanced,1,30,109
GA,balanced,1,31,109
GA,balanced,1,32,109
GA,balanced,1,33,109
GA,balanced,1,34,109
GA,balanced,1,35,109
GA,balanced,1,36,109
GA,balanced,1,37,109
GA,balanced,1,38,109
GA,balanced,1,39,109
GA,balanced,1,40,109
GA,balanced,1,41,109
GA,balanced,1,42,109
GA,balanced,1,43,109
GA,balanced,1,44,109
GA,balanced,1,45,109
GA,balanced,1,46,109
GA,balanced,1,47,109
GA,balanced,1,48,109
GA,balanced,1,49,109
GA,balanced,1,50,109
GA,balanced,1,51,109
GA,balanced,1,52,109
GA,balanced,1,53,109
GA,balanced,1,54,109
GA,balanced,1,55,109
GA,balanced,1,56,109
GA,balanced,1,57,109
GA,balanced,1,58,109
GA,balanced,1,59,109
GA,balanced,1,60,109
GA,balanced,1,61,109
GA,balanced,1,62,109
GA,balanced,1,63,109
GA,balanced,1,64,109
GA,balanced,1,65,109
GA,balanced,1,66,109
GA,balanced,1,67,109
GA,balanced,1,68,109
GA,balanced,1,69,109
GA,balanced,1,70,109
GA,balanced,1,71,109
GA,balanced,1,72,109
GA,balanced,1,73,109
GA,balanced,1,74,109
GA,balanced,1,75,109
GA,balanced,1,76,109
GA,balanced,1,77,109
GA,balanced,1,78,109
GA,balanced,1,79,109
GA,balanced,1,80,109
SLGA,balanced,1,0,118
SLGA,balanced,1,1,118
SLGA,balanced,1,2,118
SLGA,balanced,1,3,118
SLGA,balanced,1,4,118
SLGA,balanced,1,5,118
SLGA,balanced,1,6,118
SLGA,balanced,1,7,118
SLGA,balanced,1,8,118
SLGA,balanced,1,9,118
SLGA,balanced,1,10,118
SLGA,balanced,1,11,118
SLGA,balanced,1,12,118
SLGA,balanced,1,13,118
SLGA,balanced,1,14,118
SLGA,balanced,1,15,118
SLGA,balanced,1,16,118
SLGA,balanced,1,17,118
SLGA,balanced,1,18,118
SLGA,balanced,1,19,118
SLGA,balanced,1,20,118
SLGA,balanced,1,21,118
SLGA,balanced,1,22,118
SLGA,balanced,1,23,118
SLGA,balanced,1,24,118
SLGA,balanced,1,25,118
SLGA,balanced,1,26,118
SLGA,balanced,1,27,118
SLGA,balanced,1,28,118
SLGA,balanced,1,29,118
SLGA,balanced,1,30,118
SLGA,balanced,1,31,118
SLGA,balanced,1,32,118
SLGA,balanced,1,33,118
SLGA,balanced,1,34,118
SLGA,balanced,1,35,118
SLGA,balanced,1,36,117
SLGA,balanced,1,37,117
SLGA,balanced,1,38,117
SLGA,balanced,1,39,117
SLGA,balanced,1,40,117
SLGA,balanced,1,41,117
SLGA,balanced,1,42,116
SLGA,balanced,1,43,116
SLGA,balanced,1,44,116
SLGA,balanced,1,45,116
SLGA,balanced,1,46,116
SLGA,balanced,1,47,116
SLGA,balanced,1,48,116
SLGA,balanced,1,49,116
SLGA,balanced,1,50,116
SLGA,balanced,1,51,116
SLGA,balanced,1,52,116
SLGA,balanced,1,53,116
SLGA,balanced,1,54,116
SLGA,balanced,1,55,116
SLGA,balanced,1,56,116
SLGA,balanced,1,57,116
SLGA,balanced,1,58,116
SLGA,balanced,1,59,116
SLGA,balanced,1,60,116
SLGA,balanced,1,61,116
SLGA,balanced,1,62,116
SLGA,balanced,1,63,116
SLGA,balanced,1,64,116
SLGA,balanced,1,65,116
SLGA,balanced,1,66,116
SLGA,balanced,1,67,116
SLGA,balanced,1,68,116
SLGA,balanced,1,69,116
SLGA,balanced,1,70,116
SLGA,balanced,1,71,116
SLGA,balanced,1,72,116
SLGA,balanced,1,73,116
SLGA,balanced,1,74,116
SLGA,balanced,1,75,116
SLGA,balanced,1,76,116
SLGA,balanced,1,77,116
SLGA,balanced,1,78,116
SLGA,balanced,1,79,116
SLGA,balanced,1,80,111
GA,balanced,2,0,90
GA,balanced,2,1,90
GA,balanced,2,2,90
GA,balanced,2,3,90
GA,balanced,2,4,90
GA,balanced,2,5,90
GA,balanced,2,6,90
GA,balanced,2,7,90
GA,balanced,2,8,88
GA,balanced,2,9,88
GA,balanced,2,10,88
GA,balanced,2,11,88
GA,balanced,2,12,88
GA,balanced,2,13,88
GA,balanced,2,14,80
GA,balanced,2,15,80
GA,balanced,2,16,80
GA,balanced,2,17,80
GA,balanced,2,18,80
GA,balanced,2,19,80
GA,balanced,2,20,80
GA,balanced,2,21,80
GA,balanced,2,22,80
GA,balanced,2,23,80
GA,balanced,2,24,80
GA,balanced,2,25,80
GA,balanced,2,26,80
GA,balanced,2,27,80
GA,balanced,2,28,80
GA,balanced,2,29,80
GA,balanced,2,30,80
GA,balanced,2,31,80
GA,balanced,2,32,80
GA,balanced,2,33,80
GA,balanced,2,34,80
GA,balanced,2,35,80
GA,balanced,2,36,80
GA,balanced,2,37,80
GA,balanced,2,38,80
GA,balanced,2,39,80
GA,balanced,2,40,80
GA,balanced,2,41,80
GA,balanced,2,42,80
GA,balanced,2,43,80
GA,balanced,2,44,80
GA,balanced,2,45,80
GA,balanced,2,46,80
GA,balanced,2,47,80
GA,balanced,2,48,80
GA,balanced,2,49,80
GA,balanced,2,50,80
GA,balanced,2,51,80
GA,balanced,2,52,80
GA,balanced,2,53,80
GA,balanced,2,54,80
GA,balanced,2,55,80
GA,balanced,2,56,80
GA,balanced,2,57,80
GA,balanced,2,58,80
GA,balanced,2,59,80
GA,balanced,2,60,80
GA,balanced,2,61,80
GA,balanced,2,62,80
GA,balanced,2,63,80
GA,balanced,2,64,80
GA,balanced,2,65,80
GA,balanced,2,66,80
GA,balanced,2,67,80
GA,balanced,2,68,80
GA,balanced,2,69,80
GA,balanced,2,70,80
GA,balanced,2,71,80
GA,balanced,2,72,80
GA,balanced,2,73,80
GA,balanced,2,74,80
GA,balanced,2,75,80
GA,balanced,2,76,80
GA,balanced,2,77,80
GA,balanced,2,78,80
GA,balanced,2,79,80
GA,balanced,2,80,80
SLGA,balanced,2,0,90
SLGA,balanced,2,1,90
SLGA,balanced,2,2,90
SLGA,balanced,2,3,90
SLGA,balanced,2,4,90
SLGA,balanced,2,5,90
SLGA,balanced,2,6,90
SLGA,balanced,2,7,90
SLGA,balanced,2,8,90
SLGA,balanced,2,9,90
SLGA,balanced,2,10,90
SLGA,balanced,2,11,90
SLGA,balanced,2,12,90
SLGA,balanced,2,13,90
SLGA,balanced,2,14,90
SLGA,balanced,2,15,90
SLGA,balanced,2,16,90
SLGA,balanced,2,17,90
SLGA,balanced,2,18,90
SLGA,balanced,2,19,90
SLGA,balanced,2,20,90
SLGA,balanced,2,21,90
SLGA,balanced,2,22,90
SLGA,balanced,2,23,90
SLGA,balanced,2,24,90
SLGA,balanced,2,25,90
SLGA,balanced,2,26,90
SLGA,balanced,2,27,87
SLGA,balanced,2,28,87
SLGA,balanced,2,29,87
SLGA,balanced,2,30,87
SLGA,balanced,2,31,87
SLGA,balanced,2,32,87
SLGA,balanced,2,33,87
SLGA,balanced,2,34,87
SLGA,balanced,2,35,87
SLGA,balanced,2,36,87
SLGA,balanced,2,37,87
SLGA,balanced,2,38,87
SLGA,balanced,2,39,87
SLGA,balanced,2,40,87
SLGA,balanced,2,41,87
SLGA,balanced,2,42,87
SLGA,balanced,2,43,87
SLGA,balanced,2,44,87
SLGA,balanced,2,45,87
SLGA,balanced,2,46,87
SLGA,balanced,2,47,87
SLGA,balanced,2,48,87
SLGA,balanced,2,49,87
SLGA,balanced,2,50,87
SLGA,balanced,2,51,87
SLGA,balanced,2,52,87
SLGA,balanced,2,53,87
SLGA,balanced,2,54,87
SLGA,balanced,2,55,87
SLGA,balanced,2,56,87
SLGA,balanced,2,57,87
SLGA,balanced,2,58,87
SLGA,balanced,2,59,87
SLGA,balanced,2,60,87
SLGA,balanced,2,61,87
SLGA,balanced,2,62,87
SLGA,balanced,2,63,87
SLGA,balanced,2,64,87
SLGA,balanced,2,65,87
SLGA,balanced,2,66,87
SLGA,balanced,2,67,87
SLGA,balanced,2,68,87
SLGA,balanced,2,69,87
SLGA,balanced,2,70,79
SLGA,balanced,2,71,79
SLGA,balanced,2,72,79
SLGA,balanced,2,73,79
SLGA,balanced,2,74,79
SLGA,balanced,2,75,79
SLGA,balanced,2,76,79
SLGA,balanced,2,77,79
SLGA,balanced,2,78,79
SLGA,balanced,2,79,79
SLGA,balanced,2,80,79
GA,balanced,3,0,129
GA,balanced,3,1,129
GA,balanced,3,2,128
GA,balanced,3,3,128
GA,balanced,3,4,128
GA,balanced,3,5,128
GA,balanced,3,6,128
GA,balanced,3,7,128
GA,balanced,3,8,128
GA,balanced,3,9,126
GA,balanced,3,10,120
GA,balanced,3,11,120
GA,balanced,3,12,120
GA,balanced,3,13,120
GA,balanced,3,14,120
GA,balanced,3,15,120
GA,balanced,3,16,120
GA,balanced,3,17,120
GA,balanced,3,18,118
GA,balanced,3,19,118
GA,balanced,3,20,118
GA,balanced,3,21,118
GA,balanced,3,22,118
GA,balanced,3,23,118
GA,balanced,3,24,118
GA,balanced,3,25,118
GA,balanced,3,26,118
GA,balanced,3,27,118
GA,balanced,3,28,118
GA,balanced,3,29,118
GA,balanced,3,30,118
GA,balanced,3,31,118
GA,balanced,3,32,118
GA,balanced,3,33,118
GA,balanced,3,34,118
GA,balanced,3,35,118
GA,balanced,3,36,118
GA,balanced,3,37,118
GA,balanced,3,38,118
GA,balanced,3,39,118
GA,balanced,3,40,118
GA,balanced,3,41,118
GA,balanced,3,42,118
GA,balanced,3,43,118
GA,balanced,3,44,118
GA,balanced,3,45,118
GA,balanced,3,46,118
GA,balanced,3,47,118
GA,balanced,3,48,118
GA,balanced,3,49,118
GA,balanced,3,50,118
GA,balanced,3,51,118
GA,balanced,3,52,118
GA,balanced,3,53,118
GA,balanced,3,54,118
GA,balanced,3,55,118
GA,balanced,3,56,118
GA,balanced,3,57,118
GA,balanced,3,58,118
GA,balanced,3,59,118
GA,balanced,3,60,116
GA,balanced,3,61,116
GA,balanced,3,62,116
GA,balanced,3,63,116
GA,balanced,3,64,116
GA,balanced,3,65,116
GA,balanced,3,66,116
GA,balanced,3,67,116
GA,balanced,3,68,116
GA,balanced,3,69,116
GA,balanced,3,70,116
GA,balanced,3,71,116
GA,balanced,3,72,116
GA,balanced,3,73,116
GA,balanced,3,74,116
GA,balanced,3,75,116
GA,balanced,3,76,116
GA,balanced,3,77,116
GA,balanced,3,78,116
GA,balanced,3,79,116
GA,balanced,3,80,116
SLGA,balanced,3,0,129
SLGA,balanced,3,1,127
SLGA,balanced,3,2,122
SLGA,balanced,3,3,122
SLGA,balanced,3,4,122
SLGA,balanced,3,5,122
SLGA,balanced,3,6,122
SLGA,balanced,3,7,117
SLGA,balanced,3,8,117
SLGA,balanced,3,9,117
SLGA,balanced,3,10,117
SLGA,balanced,3,11,117
SLGA,balanced,3,12,117
SLGA,balanced,3,13,117
SLGA,balanced,3,14,117
SLGA,balanced,3,15,117
SLGA,balanced,3,16,117
SLGA,balanced,3,17,117
SLGA,balanced,3,18,117
SLGA,balanced,3,19,117
SLGA,balanced,3,20,117
SLGA,balanced,3,21,117
SLGA,balanced,3,22,117
SLGA,balanced,3,23,117
SLGA,balanced,3,24,117
SLGA,balanced,3,25,117
SLGA,balanced,3,26,117
SLGA,balanced,3,27,117
SLGA,balanced,3,28,117
SLGA,balanced,3,29,117
SLGA,balanced,3,30,117
SLGA,balanced,3,31,117
SLGA,balanced,3,32,117
SLGA,balanced,3,33,117
SLGA,balanced,3,34,117
SLGA,balanced,3,35,117
SLGA,balanced,3,36,117
SLGA,balanced,3,37,117
SLGA,balanced,3,38,117
SLGA,balanced,3,39,117
SLGA,balanced,3,40,117
SLGA,balanced,3,41,117
SLGA,balanced,3,42,117
SLGA,balanced,3,43,117
SLGA,balanced,3,44,117
SLGA,balanced,3,45,117
SLGA,balanced,3,46,117
SLGA,balanced,3,47,117
SLGA,balanced,3,48,117
SLGA,balanced,3,49,117
SLGA,balanced,3,50,117
SLGA,balanced,3,51,117
SLGA,balanced,3,52,117
SLGA,balanced,3,53,117
SLGA,balanced,3,54,117
SLGA,balanced,3,55,117
SLGA,balanced,3,56,117
SLGA,balanced,3,57,117
SLGA,balanced,3,58,117
SLGA,balanced,3,59,117
SLGA,balanced,3,60,117
SLGA,balanced,3,61,117
SLGA,balanced,3,62,117
SLGA,balanced,3,63,117
SLGA,balanced,3,64,117
SLGA,balanced,3,65,117
SLGA,balanced,3,66,117
SLGA,balanced,3,67,117
SLGA,balanced,3,68,117
SLGA,balanced,3,69,117
SLGA,balanced,3,70,117
SLGA,balanced,3,71,117
SLGA,balanced,3,72,117
SLGA,balanced,3,73,117
SLGA,balanced,3,74,117
SLGA,balanced,3,75,117
SLGA,balanced,3,76,117
SLGA,balanced,3,77,117
SLGA,balanced,3,78,117
SLGA,balanced,3,79,117
SLGA,balanced,3,80,117
GA,balanced,4,0,122
GA,balanced,4,1,122
GA,balanced,4,2,122
GA,balanced,4,3,122
GA,balanced,4,4,121
GA,balanced,4,5,121
GA,balanced,4,6,121
GA,balanced,4,7,121
GA,balanced,4,8,121
GA,balanced,4,9,121
GA,balanced,4,10,121
GA,balanced,4,11,121
GA,balanced,4,12,121
GA,balanced,4,13,121
GA,balanced,4,14,121
GA,balanced,4,15,121
GA,balanced,4,16,121
GA,balanced,4,17,121
GA,balanced,4,18,121
GA,balanced,4,19,121
GA,balanced,4,20,121
GA,balanced,4,21,121
GA,balanced,4,22,121
GA,balanced,4,23,121
GA,balanced,4,24,121
GA,balanced,4,25,121
GA,balanced,4,26,121
GA,balanced,4,27,121
GA,balanced,4,28,121
GA,balanced,4,29,121
GA,balanced,4,30,121
GA,balanced,4,31,121
GA,balanced,4,32,121
GA,balanced,4,33,121
GA,balanced,4,34,121
GA,balanced,4,35,121
GA,balanced,4,36,121
GA,balanced,4,37,121
GA,balanced,4,38,121
GA,balanced,4,39,121
GA,balanced,4,40,121
GA,balanced,4,41,121
GA,balanced,4,42,121
GA,balanced,4,43,121
GA,balanced,4,44,121
GA,balanced,4,45,121
GA,balanced,4,46,121
GA,balanced,4,47,121
GA,balanced,4,48,121
GA,balanced,4,49,121
GA,balanced,4,50,121
GA,balanced,4,51,121
GA,balanced,4,52,121
GA,balanced,4,53,121
GA,balanced,4,54,121
GA,balanced,4,55,121
GA,balanced,4,56,121
GA,balanced,4,57,121
GA,balanced,4,58,121
GA,balanced,4,59,121
GA,balanced,4,60,121
GA,balanced,4,61,121
GA,balanced,4,62,121
GA,balanced,4,63,121
GA,balanced,4,64,121
GA,balanced,4,65,121
GA,balanced,4,66,121
GA,balanced,4,67,121
GA,balanced,4,68,121
GA,balanced,4,69,121
GA,balanced,4,70,121
GA,balanced,4,71,121
GA,balanced,4,72,121
GA,balanced,4,73,121
GA,balanced,4,74,121
GA,balanced,4,75,121
GA,balanced,4,76,120
GA,balanced,4,77,120
GA,balanced,4,78,120
GA,balanced,4,79,120
GA,balanced,4,80,120
SLGA,balanced,4,0,122
SLGA,balanced,4,1,122
SLGA,balanced,4,2,122
SLGA,balanced,4,3,122
SLGA,balanced,4,4,122
SLGA,balanced,4,5,122
SLGA,balanced,4,6,122
SLGA,balanced,4,7,122
SLGA,balanced,4,8,122
SLGA,balanced,4,9,122
SLGA,balanced,4,10,122
SLGA,balanced,4,11,122
SLGA,balanced,4,12,122
SLGA,balanced,4,13,122
SLGA,balanced,4,14,122
SLGA,balanced,4,15,122
SLGA,balanced,4,16,122
SLGA,balanced,4,17,122
SLGA,balanced,4,18,122
SLGA,balanced,4,19,122
SLGA,balanced,4,20,122
SLGA,balanced,4,21,122
SLGA,balanced,4,22,122
SLGA,balanced,4,23,122
SLGA,balanced,4,24,122
SLGA,balanced,4,25,122
SLGA,balanced,4,26,122
SLGA,balanced,4,27,122
SLGA,balanced,4,28,122
SLGA,balanced,4,29,122
SLGA,balanced,4,30,122
SLGA,balanced,4,31,122
SLGA,balanced,4,32,122
SLGA,balanced,4,33,122
SLGA,balanced,4,34,122
SLGA,balanced,4,35,122
SLGA,balanced,4,36,122
SLGA,balanced,4,37,122
SLGA,balanced,4,38,122
SLGA,balanced,4,39,122
SLGA,balanced,4,40,122
SLGA,balanced,4,41,122
SLGA,balanced,4,42,122
SLGA,balanced,4,43,122
SLGA,balanced,4,44,122
SLGA,balanced,4,45,122
SLGA,balanced,4,46,122
SLGA,balanced,4,47,122
SLGA,balanced,4,48,122
SLGA,balanced,4,49,122
SLGA,balanced,4,50,122
SLGA,balanced,4,51,122
SLGA,balanced,4,52,122
SLGA,balanced,4,53,122
SLGA,balanced,4,54,122
SLGA,balanced,4,55,122
SLGA,balanced,4,56,122
SLGA,balanced,4,57,122
SLGA,balanced,4,58,122
SLGA,balanced,4,59,122
SLGA,balanced,4,60,122
SLGA,balanced,4,61,122
SLGA,balanced,4,62,122
SLGA,balanced,4,63,122
SLGA,balanced,4,64,122
SLGA,balanced,4,65,122
SLGA,balanced,4,66,122
SLGA,balanced,4,67,122
SLGA,balanced,4,68,122
SLGA,balanced,4,69,122
SLGA,balanced,4,70,122
SLGA,balanced,4,71,122
SLGA,balanced,4,72,122
SLGA,balanced,4,73,122
SLGA,balanced,4,74,122
SLGA,balanced,4,75,122
SLGA,balanced,4,76,122
SLGA,balanced,4,77,122
SLGA,balanced,4,78,122
SLGA,balanced,4,79,122
SLGA,balanced,4,80,122
GA,balanced,5,0,98
GA,balanced,5,1,98
GA,balanced,5,2,98
GA,balanced,5,3,98
GA,balanced,5,4,98
GA,balanced,5,5,98
GA,balanced,5,6,98
GA,balanced,5,7,98
GA,balanced,5,8,98
GA,balanced,5,9,98
GA,balanced,5,10,98
GA,balanced,5,11,98
GA,balanced,5,12,98
GA,balanced,5,13,98
GA,balanced,5,14,98
GA,balanced,5,15,98
GA,balanced,5,16,98
GA,balanced,5,17,98
GA,balanced,5,18,98
GA,balanced,5,19,98
GA,balanced,5,20,98
GA,balanced,5,21,98
GA,balanced,5,22,98
GA,balanced,5,23,98
GA,balanced,5,24,98
GA,balanced,5,25,98
GA,balanced,5,26,98
GA,balanced,5,27,98
GA,balanced,5,28,98
GA,balanced,5,29,98
GA,balanced,5,30,98
GA,balanced,5,31,98
GA,balanced,5,32,98
GA,balanced,5,33,98
GA,balanced,5,34,98
GA,balanced,5,35,98
GA,balanced,5,36,98
GA,balanced,5,37,98
GA,balanced,5,38,98
GA,balanced,5,39,98
GA,balanced,5,40,98
GA,balanced,5,41,98
GA,balanced,5,42,98
GA,balanced,5,43,98
GA,balanced,5,44,98
GA,balanced,5,45,98
GA,balanced,5,46,98
GA,balanced,5,47,98
GA,balanced,5,48,98
GA,balanced,5,49,98
GA,balanced,5,50,98
GA,balanced,5,51,98
GA,balanced,5,52,98
GA,balanced,5,53,98
GA,balanced,5,54,98
GA,balanced,5,55,98
GA,balanced,5,56,98
GA,balanced,5,57,98
GA,balanced,5,58,98
GA,balanced,5,59,98
GA,balanced,5,60,98
GA,balanced,5,61,98
GA,balanced,5,62,98
GA,balanced,5,63,98
GA,balanced,5,64,98
GA,balanced,5,65,98
GA,balanced,5,66,98
GA,balanced,5,67,98
GA,balanced,5,68,98
GA,balanced,5,69,98
GA,balanced,5,70,98
GA,balanced,5,71,98
GA,balanced,5,72,98
GA,balanced,5,73,98
GA,balanced,5,74,98
GA,balanced,5,75,98
GA,balanced,5,76,98
GA,balanced,5,77,98
GA,balanced,5,78,98
GA,balanced,5,79,98
GA,balanced,5,80,98
SLGA,balanced,5,0,98
SLGA,balanced,5,1,98
SLGA,balanced,5,2,98
SLGA,balanced,5,3,98
SLGA,balanced,5,4,98
SLGA,balanced,5,5,98
SLGA,balanced,5,6,98
SLGA,balanced,5,7,98
SLGA,balanced,5,8,98
SLGA,balanced,5,9,98
SLGA,balanced,5,10,98
SLGA,balanced,5,11,98
SLGA,balanced,5,12,98
SLGA,balanced,5,13,98
SLGA,balanced,5,14,98
SLGA,balanced,5,15,98
SLGA,balanced,5,16,98
SLGA,balanced,5,17,98
SLGA,balanced,5,18,98
SLGA,balanced,5,19,98
SLGA,balanced,5,20,98
SLGA,balanced,5,21,98
SLGA,balanced,5,22,98
SLGA,balanced,5,23,98
SLGA,balanced,5,24,98
SLGA,balanced,5,25,98
SLGA,balanced,5,26,98
SLGA,balanced,5,27,98
SLGA,balanced,5,28,98
SLGA,balanced,5,29,98
SLGA,balanced,5,30,98
SLGA,balanced,5,31,98
SLGA,balanced,5,32,98
SLGA,balanced,5,33,98
SLGA,balanced,5,34,98
SLGA,balanced,5,35,98
SLGA,balanced,5,36,98
SLGA,balanced,5,37,98
SLGA,balanced,5,38,98
SLGA,balanced,5,39,98
SLGA,balanced,5,40,98
SLGA,balanced,5,41,98
SLGA,balanced,5,42,98
SLGA,balanced,5,43,98
SLGA,balanced,5,44,98
SLGA,balanced,5,45,98
SLGA,balanced,5,46,98
SLGA,balanced,5,47,98
SLGA,balanced,5,48,98
SLGA,balanced,5,49,98
SLGA,balanced,5,50,98
SLGA,balanced,5,51,98
SLGA,balanced,5,52,98
SLGA,balanced,5,53,98
SLGA,balanced,5,54,98
SLGA,balanced,5,55,98
SLGA,balanced,5,56,98
SLGA,balanced,5,57,98
SLGA,balanced,5,58,98
SLGA,balanced,5,59,98
SLGA,balanced,5,60,98
SLGA,balanced,5,61,98
SLGA,balanced,5,62,98
SLGA,balanced,5,63,98
SLGA,balanced,5,64,98
SLGA,balanced,5,65,98
SLGA,balanced,5,66,98
SLGA,balanced,5,67,98
SLGA,balanced,5,68,98
SLGA,balanced,5,69,98
SLGA,balanced,5,70,98
SLGA,balanced,5,71,98
SLGA,balanced,5,72,98
SLGA,balanced,5,73,98
SLGA,balanced,5,74,98
SLGA,balanced,5,75,98
SLGA,balanced,5,76,98
SLGA,balanced,5,77,98
SLGA,balanced,5,78,98
SLGA,balanced,5,79,98
SLGA,balanced,5,80,98
GA,high_variance,1,0,299
GA,high_variance,1,1,299
GA,high_variance,1,2,299
GA,high_variance,1,3,299
GA,high_variance,1,4,299
GA,high_variance,1,5,299
GA,high_variance,1,6,299
GA,high_variance,1,7,299
GA,high_variance,1,8,299
GA,high_variance,1,9,299
GA,high_variance,1,10,299
GA,high_variance,1,11,299
GA,high_variance,1,12,299
GA,high_variance,1,13,299
GA,high_variance,1,14,299
GA,high_variance,1,15,299
GA,high_variance,1,16,299
GA,high_variance,1,17,299
GA,high_variance,1,18,299
GA,high_variance,1,19,299
GA,high_variance,1,20,299
GA,high_variance,1,21,299
GA,high_variance,1,22,299
GA,high_variance,1,23,299
GA,high_variance,1,24,299
GA,high_variance,1,25,299
GA,high_variance,1,26,299
GA,high_variance,1,27,299
GA,high_variance,1,28,299
GA,high_variance,1,29,299
GA,high_variance,1,30,299
GA,high_variance,1,31,299
GA,high_variance,1,32,299
GA,high_variance,1,33,299
GA,high_variance,1,34,299
GA,high_variance,1,35,299
GA,high_variance,1,36,299
GA,high_variance,1,37,299
GA,high_variance,1,38,299
GA,high_variance,1,39,299
GA,high_variance,1,40,299
GA,high_variance,1,41,299
GA,high_variance,1,42,299
GA,high_variance,1,43,299
GA,high_variance,1,44,299
GA,high_variance,1,45,299
GA,high_variance,1,46,299
GA,high_variance,1,47,299
GA,high_variance,1,48,299
GA,high_variance,1,49,299
GA,high_variance,1,50,299
GA,high_variance,1,51,299
GA,high_variance,1,52,299
GA,high_variance,1,53,299
GA,high_variance,1,54,299
GA,high_variance,1,55,299
GA,high_variance,1,56,299
GA,high_variance,1,57,299
GA,high_variance,1,58,299
GA,high_variance,1,59,299
GA,high_variance,1,60,299
GA,high_variance,1,61,299
GA,high_variance,1,62,299
GA,high_variance,1,63,299
GA,high_variance,1,64,299
GA,high_variance,1,65,299
GA,high_variance,1,66,299
GA,high_variance,1,67,299
GA,high_variance,1,68,299
GA,high_variance,1,69,299
GA,high_variance,1,70,299
GA,high_variance,1,71,299
GA,high_variance,1,72,299
GA,high_variance,1,73,299
GA,high_variance,1,74,299
GA,high_variance,1,75,299
GA,high_variance,1,76,299
GA,high_variance,1,77,299
GA,high_variance,1,78,299
GA,high_variance,1,79,299
GA,high_variance,1,80,299
SLGA,high_variance,1,0,299
SLGA,high_variance,1,1,299
SLGA,high_variance,1,2,299
SLGA,high_variance,1,3,299
SLGA,high_variance,1,4,299
SLGA,high_variance,1,5,299
SLGA,high_variance,1,6,299
SLGA,high_variance,1,7,299
SLGA,high_variance,1,8,299
SLGA,high_variance,1,9,299
SLGA,high_variance,1,10,299
SLGA,high_variance,1,11,299
SLGA,high_variance,1,12,299
SLGA,high_variance,1,13,299
SLGA,high_variance,1,14,299
SLGA,high_variance,1,15,299
SLGA,high_variance,1,16,299
SLGA,high_variance,1,17,299
SLGA,high_variance,1,18,299
SLGA,high_variance,1,19,299
SLGA,high_variance,1,20,299
SLGA,high_variance,1,21,299
SLGA,high_variance,1,22,299
SLGA,high_variance,1,23,299
SLGA,high_variance,1,24,299
SLGA,high_variance,1,25,299
SLGA,high_variance,1,26,299
SLGA,high_variance,1,27,299
SLGA,high_variance,1,28,299
SLGA,high_variance,1,29,299
SLGA,high_variance,1,30,299
SLGA,high_variance,1,31,299
SLGA,high_variance,1,32,299
SLGA,high_variance,1,33,299
SLGA,high_variance,1,34,299
SLGA,high_variance,1,35,299
SLGA,high_variance,1,36,299
SLGA,high_variance,1,37,299
SLGA,high_variance,1,38,299
SLGA,high_variance,1,39,299
SLGA,high_variance,1,40,299
SLGA,high_variance,1,41,299
SLGA,high_variance,1,42,299
SLGA,high_variance,1,43,299
SLGA,high_variance,1,44,299
SLGA,high_variance,1,45,299
SLGA,high_variance,1,46,299
SLGA,high_variance,1,47,299
SLGA,high_variance,1,48,299
SLGA,high_variance,1,49,299
SLGA,high_variance,1,50,299
SLGA,high_variance,1,51,299
SLGA,high_variance,1,52,299
SLGA,high_variance,1,53,299
SLGA,high_variance,1,54,299
SLGA,high_variance,1,55,299
SLGA,high_variance,1,56,299
SLGA,high_variance,1,57,299
SLGA,high_variance,1,58,299
SLGA,high_variance,1,59,299
SLGA,high_variance,1,60,299
SLGA,high_variance,1,61,299
SLGA,high_variance,1,62,299
SLGA,high_variance,1,63,299
SLGA,high_variance,1,64,299
SLGA,high_variance,1,65,299
SLGA,high_variance,1,66,299
SLGA,high_variance,1,67,299
SLGA,high_variance,1,68,299
SLGA,high_variance,1,69,299
SLGA,high_variance,1,70,299
SLGA,high_variance,1,71,299
SLGA,high_variance,1,72,299
SLGA,high_variance,1,73,299
SLGA,high_variance,1,74,299
SLGA,high_variance,1,75,299
SLGA,high_variance,1,76,299
SLGA,high_variance,1,77,299
SLGA,high_variance,1,78,299
SLGA,high_variance,1,79,299
SLGA,high_variance,1,80,299
GA,high_variance,2,0,289
GA,high_variance,2,1,289
GA,high_variance,2,2,289
GA,high_variance,2,3,276
GA,high_variance,2,4,276
GA,high_variance,2,5,276
GA,high_variance,2,6,276
GA,high_variance,2,7,276
GA,high_variance,2,8,276
GA,high_variance,2,9,276
GA,high_variance,2,10,276
GA,high_variance,2,11,276
GA,high_variance,2,12,276
GA,high_variance,2,13,273
GA,high_variance,2,14,258
GA,high_variance,2,15,258
GA,high_variance,2,16,258
GA,high_variance,2,17,258
GA,high_variance,2,18,258
GA,high_variance,2,19,258
GA,high_variance,2,20,258
GA,high_variance,2,21,258
GA,high_variance,2,22,258
GA,high_variance,2,23,258
GA,high_variance,2,24,258
GA,high_variance,2,25,258
GA,high_variance,2,26,258
GA,high_variance,2,27,258
GA,high_variance,2,28,258
GA,high_variance,2,29,258
GA,high_variance,2,30,258
GA,high_variance,2,31,258
GA,high_variance,2,32,258
GA,high_variance,2,33,258
GA,high_variance,2,34,258
GA,high_variance,2,35,258
GA,high_variance,2,36,258
GA,high_variance,2,37,258
GA,high_variance,2,38,258
GA,high_variance,2,39,258
GA,high_variance,2,40,258
GA,high_variance,2,41,258
GA,high_variance,2,42,258
GA,high_variance,2,43,258
GA,high_variance,2,44,258
GA,high_variance,2,45,258
GA,high_variance,2,46,258
GA,high_variance,2,47,258
GA,high_variance,2,48,258
GA,high_variance,2,49,258
GA,high_variance,2,50,258
GA,high_variance,2,51,258
GA,high_variance,2,52,258
GA,high_variance,2,53,258
GA,high_variance,2,54,258
GA,high_variance,2,55,258
GA,high_variance,2,56,253
GA,high_variance,2,57,253
GA,high_variance,2,58,253
GA,high_variance,2,59,253
GA,high_variance,2,60,253
GA,high_variance,2,61,253
GA,high_variance,2,62,253
GA,high_variance,2,63,253
GA,high_variance,2,64,253
GA,high_variance,2,65,253
GA,high_variance,2,66,253
GA,high_variance,2,67,253
GA,high_variance,2,68,253
GA,high_variance,2,69,253
GA,high_variance,2,70,253
GA,high_variance,2,71,253
GA,high_variance,2,72,253
GA,high_variance,2,73,253
GA,high_variance,2,74,253
GA,high_variance,2,75,253
GA,high_variance,2,76,253
GA,high_variance,2,77,253
GA,high_variance,2,78,253
GA,high_variance,2,79,253
GA,high_variance,2,80,253
SLGA,high_variance,2,0,289
SLGA,high_variance,2,1,289
SLGA,high_variance,2,2,286
SLGA,high_variance,2,3,261
SLGA,high_variance,2,4,261
SLGA,high_variance,2,5,261
SLGA,high_variance,2,6,261
SLGA,high_variance,2,7,261
SLGA,high_variance,2,8,261
SLGA,high_variance,2,9,261
SLGA,high_variance,2,10,261
SLGA,high_variance,2,11,261
SLGA,high_variance,2,12,261
SLGA,high_variance,2,13,261
SLGA,high_variance,2,14,261
SLGA,high_variance,2,15,261
SLGA,high_variance,2,16,261
SLGA,high_variance,2,17,255
SLGA,high_variance,2,18,255
SLGA,high_variance,2,19,255
SLGA,high_variance,2,20,255
SLGA,high_variance,2,21,255
SLGA,high_variance,2,22,255
SLGA,high_variance,2,23,255
SLGA,high_variance,2,24,255
SLGA,high_variance,2,25,255
SLGA,high_variance,2,26,255
SLGA,high_variance,2,27,255
SLGA,high_variance,2,28,255
SLGA,high_variance,2,29,255
SLGA,high_variance,2,30,255
SLGA,high_variance,2,31,255
SLGA,high_variance,2,32,255
SLGA,high_variance,2,33,255
SLGA,high_variance,2,34,255
SLGA,high_variance,2,35,255
SLGA,high_variance,2,36,255
SLGA,high_variance,2,37,255
SLGA,high_variance,2,38,255
SLGA,high_variance,2,39,255
SLGA,high_variance,2,40,255
SLGA,high_variance,2,41,255
SLGA,high_variance,2,42,255
SLGA,high_variance,2,43,255
SLGA,high_variance,2,44,255
SLGA,high_variance,2,45,255
SLGA,high_variance,2,46,255
SLGA,high_variance,2,47,255
SLGA,high_variance,2,48,255
SLGA,high_variance,2,49,255
SLGA,high_variance,2,50,255
SLGA,high_variance,2,51,255
SLGA,high_variance,2,52,255
SLGA,high_variance,2,53,255
SLGA,high_variance,2,54,250
SLGA,high_variance,2,55,250
SLGA,high_variance,2,56,250
SLGA,high_variance,2,57,250
SLGA,high_variance,2,58,250
SLGA,high_variance,2,59,250
SLGA,high_variance,2,60,250
SLGA,high_variance,2,61,250
SLGA,high_variance,2,62,250
SLGA,high_variance,2,63,250
SLGA,high_variance,2,64,250
SLGA,high_variance,2,65,250
SLGA,high_variance,2,66,250
SLGA,high_variance,2,67,250
SLGA,high_variance,2,68,250
SLGA,high_variance,2,69,250
SLGA,high_variance,2,70,250
SLGA,high_variance,2,71,250
SLGA,high_variance,2,72,250
SLGA,high_variance,2,73,250
SLGA,high_variance,2,74,250
SLGA,high_variance,2,75,250
SLGA,high_variance,2,76,250
SLGA,high_variance,2,77,250
SLGA,high_variance,2,78,250
SLGA,high_variance,2,79,250
SLGA,high_variance,2,80,250
GA,high_variance,3,0,350
GA,high_variance,3,1,350
GA,high_variance,3,2,350
GA,high_variance,3,3,350
GA,high_variance,3,4,350
GA,high_variance,3,5,345
GA,high_variance,3,6,345
GA,high_variance,3,7,345
GA,high_variance,3,8,345
GA,high_variance,3,9,345
GA,high_variance,3,10,345
GA,high_variance,3,11,345
GA,high_variance,3,12,345
GA,high_variance,3,13,345
GA,high_variance,3,14,345
GA,high_variance,3,15,345
GA,high_variance,3,16,345
GA,high_variance,3,17,345
GA,high_variance,3,18,345
GA,high_variance,3,19,345
GA,high_variance,3,20,345
GA,high_variance,3,21,345
GA,high_variance,3,22,345
GA,high_variance,3,23,345
GA,high_variance,3,24,345
GA,high_variance,3,25,345
GA,high_variance,3,26,345
GA,high_variance,3,27,345
GA,high_variance,3,28,345
GA,high_variance,3,29,345
GA,high_variance,3,30,345
GA,high_variance,3,31,345
GA,high_variance,3,32,345
GA,high_variance,3,33,345
GA,high_variance,3,34,345
GA,high_variance,3,35,345
GA,high_variance,3,36,345
GA,high_variance,3,37,345
GA,high_variance,3,38,345
GA,high_variance,3,39,345
GA,high_variance,3,40,345
GA,high_variance,3,41,345
GA,high_variance,3,42,345
GA,high_variance,3,43,345
GA,high_variance,3,44,345
GA,high_variance,3,45,345
GA,high_variance,3,46,345
GA,high_variance,3,47,345
GA,high_variance,3,48,345
GA,high_variance,3,49,345
GA,high_variance,3,50,345
GA,high_variance,3,51,345
GA,high_variance,3,52,345
GA,high_variance,3,53,345
GA,high_variance,3,54,345
GA,high_variance,3,55,345
GA,high_variance,3,56,345
GA,high_variance,3,57,345
GA,high_variance,3,58,345
GA,high_variance,3,59,339
GA,high_variance,3,60,339
GA,high_variance,3,61,339
GA,high_variance,3,62,339
GA,high_variance,3,63,339
GA,high_variance,3,64,339
GA,high_variance,3,65,339
GA,high_variance,3,66,339
GA,high_variance,3,67,339
GA,high_variance,3,68,339
GA,high_variance,3,69,339
GA,high_variance,3,70,339
GA,high_variance,3,71,339
GA,high_variance,3,72,339
GA,high_variance,3,73,339
GA,high_variance,3,74,339
GA,high_variance,3,75,339
GA,high_variance,3,76,339
GA,high_variance,3,77,339
GA,high_variance,3,78,339
GA,high_variance,3,79,339
GA,high_variance,3,80,339
SLGA,high_variance,3,0,350
SLGA,high_variance,3,1,350
SLGA,high_variance,3,2,350
SLGA,high_variance,3,3,350
SLGA,high_variance,3,4,350
SLGA,high_variance,3,5,350
SLGA,high_variance,3,6,350
SLGA,high_variance,3,7,350
SLGA,high_variance,3,8,350
SLGA,high_variance,3,9,350
SLGA,high_variance,3,10,350
SLGA,high_variance,3,11,350
SLGA,high_variance,3,12,340
SLGA,high_variance,3,13,340
SLGA,high_variance,3,14,340
SLGA,high_variance,3,15,340
SLGA,high_variance,3,16,340
SLGA,high_variance,3,17,340
SLGA,high_variance,3,18,340
SLGA,high_variance,3,19,340
SLGA,high_variance,3,20,340
SLGA,high_variance,3,21,340
SLGA,high_variance,3,22,340
SLGA,high_variance,3,23,340
SLGA,high_variance,3,24,340
SLGA,high_variance,3,25,340
SLGA,high_variance,3,26,340
SLGA,high_variance,3,27,340
SLGA,high_variance,3,28,340
SLGA,high_variance,3,29,340
SLGA,high_variance,3,30,340
SLGA,high_variance,3,31,340
SLGA,high_variance,3,32,340
SLGA,high_variance,3,33,340
SLGA,high_variance,3,34,340
SLGA,high_variance,3,35,340
SLGA,high_variance,3,36,340
SLGA,high_variance,3,37,340
SLGA,high_variance,3,38,340
SLGA,high_variance,3,39,340
SLGA,high_variance,3,40,340
SLGA,high_variance,3,41,340
SLGA,high_variance,3,42,340
SLGA,high_variance,3,43,340
SLGA,high_variance,3,44,340
SLGA,high_variance,3,45,340
SLGA,high_variance,3,46,340
SLGA,high_variance,3,47,340
SLGA,high_variance,3,48,340
SLGA,high_variance,3,49,340
SLGA,high_variance,3,50,340
SLGA,high_variance,3,51,340
SLGA,high_variance,3,52,340
SLGA,high_variance,3,53,340
SLGA,high_variance,3,54,340
SLGA,high_variance,3,55,340
SLGA,high_variance,3,56,340
SLGA,high_variance,3,57,340
SLGA,high_variance,3,58,340
SLGA,high_variance,3,59,340
SLGA,high_variance,3,60,340
SLGA,high_variance,3,61,340
SLGA,high_variance,3,62,340
SLGA,high_variance,3,63,340
SLGA,high_variance,3,64,340
SLGA,high_variance,3,65,340
SLGA,high_variance,3,66,340
SLGA,high_variance,3,67,340
SLGA,high_variance,3,68,340
SLGA,high_variance,3,69,340
SLGA,high_variance,3,70,340
SLGA,high_variance,3,71,340
SLGA,high_variance,3,72,340
SLGA,high_variance,3,73,340
SLGA,high_variance,3,74,340
SLGA,high_variance,3,75,340
SLGA,high_variance,3,76,340
SLGA,high_variance,3,77,340
SLGA,high_variance,3,78,340
SLGA,high_variance,3,79,340
SLGA,high_variance,3,80,340
GA,high_variance,4,0,399
GA,high_variance,4,1,399
GA,high_variance,4,2,399
GA,high_variance,4,3,399
GA,high_variance,4,4,399
GA,high_variance,4,5,399
GA,high_variance,4,6,399
GA,high_variance,4,7,399
GA,high_variance,4,8,399
GA,high_variance,4,9,399
GA,high_variance,4,10,399
GA,high_variance,4,11,399
GA,high_variance,4,12,399
GA,high_variance,4,13,399
GA,high_variance,4,14,399
GA,high_variance,4,15,399
GA,high_variance,4,16,399
GA,high_variance,4,17,399
GA,high_variance,4,18,399
GA,high_variance,4,19,399
GA,high_variance,4,20,399
GA,high_variance,4,21,399
GA,high_variance,4,22,399
GA,high_variance,4,23,399
GA,high_variance,4,24,399
GA,high_variance,4,25,399
GA,high_variance,4,26,399
GA,high_variance,4,27,399
GA,high_variance,4,28,399
GA,high_variance,4,29,399
GA,high_variance,4,30,399
GA,high_variance,4,31,399
GA,high_variance,4,32,399
GA,high_variance,4,33,399
GA,high_variance,4,34,399
GA,high_variance,4,35,399
GA,high_variance,4,36,399
GA,high_variance,4,37,399
GA,high_variance,4,38,399
GA,high_variance,4,39,399
GA,high_variance,4,40,399
GA,high_variance,4,41,399
GA,high_variance,4,42,399
GA,high_variance,4,43,399
GA,high_variance,4,44,399
GA,high_variance,4,45,399
GA,high_variance,4,46,399
GA,high_variance,4,47,399
GA,high_variance,4,48,399
GA,high_variance,4,49,399
GA,high_variance,4,50,399
GA,high_variance,4,51,399
GA,high_variance,4,52,399
GA,high_variance,4,53,399
GA,high_variance,4,54,399
GA,high_variance,4,55,399
GA,high_variance,4,56,399
GA,high_variance,4,57,399
GA,high_variance,4,58,399
GA,high_variance,4,59,399
GA,high_variance,4,60,399
GA,high_variance,4,61,399
GA,high_variance,4,62,399
GA,high_variance,4,63,399
GA,high_variance,4,64,399
GA,high_variance,4,65,399
GA,high_variance,4,66,399
GA,high_variance,4,67,399
GA,high_variance,4,68,399
GA,high_variance,4,69,399
GA,high_variance,4,70,399
GA,high_variance,4,71,399
GA,high_variance,4,72,399
GA,high_variance,4,73,399
GA,high_variance,4,74,399
GA,high_variance,4,75,399
GA,high_variance,4,76,399
GA,high_variance,4,77,399
GA,high_variance,4,78,399
GA,high_variance,4,79,399
GA,high_variance,4,80,399
SLGA,high_variance,4,0,399
SLGA,high_variance,4,1,397
SLGA,high_variance,4,2,397
SLGA,high_variance,4,3,397
SLGA,high_variance,4,4,397
SLGA,high_variance,4,5,397
SLGA,high_variance,4,6,397
SLGA,high_variance,4,7,397
SLGA,high_variance,4,8,397
SLGA,high_variance,4,9,397
SLGA,high_variance,4,10,397
SLGA,high_variance,4,11,397
SLGA,high_variance,4,12,397
SLGA,high_variance,4,13,397
SLGA,high_variance,4,14,397
SLGA,high_variance,4,15,397
SLGA,high_variance,4,16,397
SLGA,high_variance,4,17,387
SLGA,high_variance,4,18,387
SLGA,high_variance,4,19,387
SLGA,high_variance,4,20,387
SLGA,high_variance,4,21,387
SLGA,high_variance,4,22,387
SLGA,high_variance,4,23,387
SLGA,high_variance,4,24,387
SLGA,high_variance,4,25,387
SLGA,high_variance,4,26,387
SLGA,high_variance,4,27,387
SLGA,high_variance,4,28,387
SLGA,high_variance,4,29,387
SLGA,high_variance,4,30,387
SLGA,high_variance,4,31,387
SLGA,high_variance,4,32,387
SLGA,high_variance,4,33,387
SLGA,high_variance,4,34,387
SLGA,high_variance,4,35,387
SLGA,high_variance,4,36,387
SLGA,high_variance,4,37,387
SLGA,high_variance,4,38,387
SLGA,high_variance,4,39,387
SLGA,high_variance,4,40,387
SLGA,high_variance,4,41,387
SLGA,high_variance,4,42,387
SLGA,high_variance,4,43,387
SLGA,high_variance,4,44,387
SLGA,high_variance,4,45,387
SLGA,high_variance,4,46,387
SLGA,high_variance,4,47,387
SLGA,high_variance,4,48,387
SLGA,high_variance,4,49,387
SLGA,high_variance,4,50,387
SLGA,high_variance,4,51,387
SLGA,high_variance,4,52,387
SLGA,high_variance,4,53,387
SLGA,high_variance,4,54,387
SLGA,high_variance,4,55,387
SLGA,high_variance,4,56,387
SLGA,high_variance,4,57,387
SLGA,high_variance,4,58,387
SLGA,high_variance,4,59,387
SLGA,high_variance,4,60,387
SLGA,high_variance,4,61,387
SLGA,high_variance,4,62,387
SLGA,high_variance,4,63,387
SLGA,high_variance,4,64,387
SLGA,high_variance,4,65,387
SLGA,high_variance,4,66,387
SLGA,high_variance,4,67,387
SLGA,high_variance,4,68,387
SLGA,high_variance,4,69,387
SLGA,high_variance,4,70,387
SLGA,high_variance,4,71,387
SLGA,high_variance,4,72,387
SLGA,high_variance,4,73,387
SLGA,high_variance,4,74,387
SLGA,high_variance,4,75,387
SLGA,high_variance,4,76,387
SLGA,high_variance,4,77,387
SLGA,high_variance,4,78,387
SLGA,high_variance,4,79,387
SLGA,high_variance,4,80,387
GA,high_variance,5,0,329
GA,high_variance,5,1,322
GA,high_variance,5,2,322
GA,high_variance,5,3,322
GA,high_variance,5,4,322
GA,high_variance,5,5,322
GA,high_variance,5,6,322
GA,high_variance,5,7,322
GA,high_variance,5,8,322
GA,high_variance,5,9,322
GA,high_variance,5,10,322
GA,high_variance,5,11,322
GA,high_variance,5,12,322
GA,high_variance,5,13,296
GA,high_variance,5,14,296
GA,high_variance,5,15,296
GA,high_variance,5,16,296
GA,high_variance,5,17,293
GA,high_variance,5,18,293
GA,high_variance,5,19,293
GA,high_variance,5,20,293
GA,high_variance,5,21,293
GA,high_variance,5,22,293
GA,high_variance,5,23,293
GA,high_variance,5,24,293
GA,high_variance,5,25,293
GA,high_variance,5,26,293
GA,high_variance,5,27,293
GA,high_variance,5,28,293
GA,high_variance,5,29,293
GA,high_variance,5,30,293
GA,high_variance,5,31,293
GA,high_variance,5,32,293
GA,high_variance,5,33,293
GA,high_variance,5,34,293
GA,high_variance,5,35,293
GA,high_variance,5,36,293
GA,high_variance,5,37,293
GA,high_variance,5,38,293
GA,high_variance,5,39,293
GA,high_variance,5,40,292
GA,high_variance,5,41,292
GA,high_variance,5,42,292
GA,high_variance,5,43,292
GA,high_variance,5,44,292
GA,high_variance,5,45,292
GA,high_variance,5,46,292
GA,high_variance,5,47,292
GA,high_variance,5,48,292
GA,high_variance,5,49,292
GA,high_variance,5,50,292
GA,high_variance,5,51,292
GA,high_variance,5,52,292
GA,high_variance,5,53,292
GA,high_variance,5,54,292
GA,high_variance,5,55,284
GA,high_variance,5,56,284
GA,high_variance,5,57,284
GA,high_variance,5,58,284
GA,high_variance,5,59,274
GA,high_variance,5,60,274
GA,high_variance,5,61,274
GA,high_variance,5,62,274
GA,high_variance,5,63,274
GA,high_variance,5,64,274
GA,high_variance,5,65,274
GA,high_variance,5,66,254
GA,high_variance,5,67,254
GA,high_variance,5,68,254
GA,high_variance,5,69,254
GA,high_variance,5,70,254
GA,high_variance,5,71,254
GA,high_variance,5,72,254
GA,high_variance,5,73,254
GA,high_variance,5,74,254
GA,high_variance,5,75,254
GA,high_variance,5,76,254
GA,high_variance,5,77,254
GA,high_variance,5,78,254
GA,high_variance,5,79,254
GA,high_variance,5,80,254
SLGA,high_variance,5,0,329
SLGA,high_variance,5,1,322
SLGA,high_variance,5,2,314
SLGA,high_variance,5,3,289
SLGA,high_variance,5,4,289
SLGA,high_variance,5,5,289
SLGA,high_variance,5,6,289
SLGA,high_variance,5,7,289
SLGA,high_variance,5,8,264
SLGA,high_variance,5,9,264
SLGA,high_variance,5,10,264
SLGA,high_variance,5,11,264
SLGA,high_variance,5,12,264
SLGA,high_variance,5,13,264
SLGA,high_variance,5,14,264
SLGA,high_variance,5,15,264
SLGA,high_variance,5,16,264
SLGA,high_variance,5,17,264
SLGA,high_variance,5,18,264
SLGA,high_variance,5,19,264
SLGA,high_variance,5,20,264
SLGA,high_variance,5,21,264
SLGA,high_variance,5,22,264
SLGA,high_variance,5,23,264
SLGA,high_variance,5,24,264
SLGA,high_variance,5,25,264
SLGA,high_variance,5,26,264
SLGA,high_variance,5,27,264
SLGA,high_variance,5,28,264
SLGA,high_variance,5,29,264
SLGA,high_variance,5,30,264
SLGA,high_variance,5,31,264
SLGA,high_variance,5,32,264
SLGA,high_variance,5,33,264
SLGA,high_variance,5,34,264
SLGA,high_variance,5,35,264
SLGA,high_variance,5,36,264
SLGA,high_variance,5,37,264
SLGA,high_variance,5,38,264
SLGA,high_variance,5,39,264
SLGA,high_variance,5,40,264
SLGA,high_variance,5,41,264
SLGA,high_variance,5,42,264
SLGA,high_variance,5,43,264
SLGA,high_variance,5,44,264
SLGA,high_variance,5,45,264
SLGA,high_variance,5,46,264
SLGA,high_variance,5,47,264
SLGA,high_variance,5,48,264
SLGA,high_variance,5,49,264
SLGA,high_variance,5,50,264
SLGA,high_variance,5,51,264
SLGA,high_variance,5,52,264
SLGA,high_variance,5,53,264
SLGA,high_variance,5,54,264
SLGA,high_variance,5,55,264
SLGA,high_variance,5,56,264
SLGA,high_variance,5,57,264
SLGA,high_variance,5,58,264
SLGA,high_variance,5,59,264
SLGA,high_variance,5,60,264
SLGA,high_variance,5,61,264
SLGA,high_variance,5,62,264
SLGA,high_variance,5,63,257
SLGA,high_variance,5,64,257
SLGA,high_variance,5,65,257
SLGA,high_variance,5,66,257
SLGA,high_variance,5,67,257
SLGA,high_variance,5,68,254
SLGA,high_variance,5,69,254
SLGA,high_variance,5,70,254
SLGA,high_variance,5,71,254
SLGA,high_variance,5,72,254
SLGA,high_variance,5,73,254
SLGA,high_variance,5,74,254
SLGA,high_variance,5,75,254
SLGA,high_variance,5,76,254
SLGA,high_variance,5,77,254
SLGA,high_variance,5,78,254
SLGA,high_variance,5,79,254
SLGA,high_variance,5,80,254
GA,machine_advantage,1,0,73
GA,machine_advantage,1,1,73
GA,machine_advantage,1,2,73
GA,machine_advantage,1,3,73
GA,machine_advantage,1,4,73
GA,machine_advantage,1,5,73
GA,machine_advantage,1,6,73
GA,machine_advantage,1,7,73
GA,machine_advantage,1,8,73
GA,machine_advantage,1,9,73
GA,machine_advantage,1,10,73
GA,machine_advantage,1,11,73
GA,machine_advantage,1,12,73
GA,machine_advantage,1,13,73
GA,machine_advantage,1,14,73
GA,machine_advantage,1,15,73
GA,machine_advantage,1,16,73
GA,machine_advantage,1,17,73
GA,machine_advantage,1,18,73
GA,machine_advantage,1,19,73
GA,machine_advantage,1,20,73
GA,machine_advantage,1,21,73
GA,machine_advantage,1,22,73
GA,machine_advantage,1,23,73
GA,machine_advantage,1,24,73
GA,machine_advantage,1,25,73
GA,machine_advantage,1,26,73
GA,machine_advantage,1,27,73
GA,machine_advantage,1,28,73
GA,machine_advantage,1,29,73
GA,machine_advantage,1,30,73
GA,machine_advantage,1,31,73
GA,machine_advantage,1,32,73
GA,machine_advantage,1,33,73
GA,machine_advantage,1,34,73
GA,machine_advantage,1,35,73
GA,machine_advantage,1,36,73
GA,machine_advantage,1,37,73
GA,machine_advantage,1,38,73
GA,machine_advantage,1,39,73
GA,machine_advantage,1,40,73
GA,machine_advantage,1,41,73
GA,machine_advantage,1,42,73
GA,machine_advantage,1,43,73
GA,machine_advantage,1,44,73
GA,machine_advantage,1,45,73
GA,machine_advantage,1,46,73
GA,machine_advantage,1,47,73
GA,machine_advantage,1,48,73
GA,machine_advantage,1,49,73
GA,machine_advantage,1,50,73
GA,machine_advantage,1,51,73
GA,machine_advantage,1,52,73
GA,machine_advantage,1,53,73
GA,machine_advantage,1,54,73
GA,machine_advantage,1,55,73
GA,machine_advantage,1,56,73
GA,machine_advantage,1,57,73
GA,machine_advantage,1,58,73
GA,machine_advantage,1,59,73
GA,machine_advantage,1,60,73
GA,machine_advantage,1,61,73
GA,machine_advantage,1,62,73
GA,machine_advantage,1,63,73
GA,machine_advantage,1,64,73
GA,machine_advantage,1,65,73
GA,machine_advantage,1,66,73
GA,machine_advantage,1,67,73
GA,machine_advantage,1,68,73
GA,machine_advantage,1,69,73
GA,machine_advantage,1,70,73
GA,machine_advantage,1,71,73
GA,machine_advantage,1,72,73
GA,machine_advantage,1,73,73
GA,machine_advantage,1,74,73
GA,machine_advantage,1,75,73
GA,machine_advantage,1,76,73
GA,machine_advantage,1,77,73
GA,machine_advantage,1,78,73
GA,machine_advantage,1,79,73
GA,machine_advantage,1,80,73
SLGA,machine_advantage,1,0,73
SLGA,machine_advantage,1,1,73
SLGA,machine_advantage,1,2,73
SLGA,machine_advantage,1,3,73
SLGA,machine_advantage,1,4,73
SLGA,machine_advantage,1,5,73
SLGA,machine_advantage,1,6,73
SLGA,machine_advantage,1,7,73
SLGA,machine_advantage,1,8,73
SLGA,machine_advantage,1,9,73
SLGA,machine_advantage,1,10,73
SLGA,machine_advantage,1,11,73
SLGA,machine_advantage,1,12,73
SLGA,machine_advantage,1,13,73
SLGA,machine_advantage,1,14,73
SLGA,machine_advantage,1,15,73
SLGA,machine_advantage,1,16,73
SLGA,machine_advantage,1,17,73
SLGA,machine_advantage,1,18,73
SLGA,machine_advantage,1,19,73
SLGA,machine_advantage,1,20,73
SLGA,machine_advantage,1,21,73
SLGA,machine_advantage,1,22,73
SLGA,machine_advantage,1,23,73
SLGA,machine_advantage,1,24,73
SLGA,machine_advantage,1,25,73
SLGA,machine_advantage,1,26,73
SLGA,machine_advantage,1,27,73
SLGA,machine_advantage,1,28,73
SLGA,machine_advantage,1,29,73
SLGA,machine_advantage,1,30,73
SLGA,machine_advantage,1,31,73
SLGA,machine_advantage,1,32,73
SLGA,machine_advantage,1,33,73
SLGA,machine_advantage,1,34,73
SLGA,machine_advantage,1,35,73
SLGA,machine_advantage,1,36,73
SLGA,machine_advantage,1,37,73
SLGA,machine_advantage,1,38,73
SLGA,machine_advantage,1,39,73
SLGA,machine_advantage,1,40,73
SLGA,machine_advantage,1,41,73
SLGA,machine_advantage,1,42,73
SLGA,machine_advantage,1,43,73
SLGA,machine_advantage,1,44,73
SLGA,machine_advantage,1,45,73
SLGA,machine_advantage,1,46,73
SLGA,machine_advantage,1,47,73
SLGA,machine_advantage,1,48,73
SLGA,machine_advantage,1,49,73
SLGA,machine_advantage,1,50,73
SLGA,machine_advantage,1,51,73
SLGA,machine_advantage,1,52,73
SLGA,machine_advantage,1,53,73
SLGA,machine_advantage,1,54,73
SLGA,machine_advantage,1,55,73
SLGA,machine_advantage,1,56,73
SLGA,machine_advantage,1,57,73
SLGA,machine_advantage,1,58,73
SLGA,machine_advantage,1,59,73
SLGA,machine_advantage,1,60,73
SLGA,machine_advantage,1,61,73
SLGA,machine_advantage,1,62,73
SLGA,machine_advantage,1,63,73
SLGA,machine_advantage,1,64,73
SLGA,machine_advantage,1,65,73
SLGA,machine_advantage,1,66,73
SLGA,machine_advantage,1,67,73
SLGA,machine_advantage,1,68,73
SLGA,machine_advantage,1,69,73
SLGA,machine_advantage,1,70,73
SLGA,machine_advantage,1,71,73
SLGA,machine_advantage,1,72,73
SLGA,machine_advantage,1,73,73
SLGA,machine_advantage,1,74,73
SLGA,machine_advantage,1,75,73
SLGA,machine_advantage,1,76,73
SLGA,machine_advantage,1,77,73
SLGA,machine_advantage,1,78,73
SLGA,machine_advantage,1,79,73
SLGA,machine_advantage,1,80,73
GA,machine_advantage,2,0,75
GA,machine_advantage,2,1,75
GA,machine_advantage,2,2,75
GA,machine_advantage,2,3,75
GA,machine_advantage,2,4,75
GA,machine_advantage,2,5,75
GA,machine_advantage,2,6,75
GA,machine_advantage,2,7,75
GA,machine_advantage,2,8,75
GA,machine_advantage,2,9,75
GA,machine_advantage,2,10,73
GA,machine_advantage,2,11,73
GA,machine_advantage,2,12,73
GA,machine_advantage,2,13,73
GA,machine_advantage,2,14,73
GA,machine_advantage,2,15,73
GA,machine_advantage,2,16,69
GA,machine_advantage,2,17,69
GA,machine_advantage,2,18,69
GA,machine_advantage,2,19,69
GA,machine_advantage,2,20,69
GA,machine_advantage,2,21,69
GA,machine_advantage,2,22,69
GA,machine_advantage,2,23,69
GA,machine_advantage,2,24,69
GA,machine_advantage,2,25,69
GA,machine_advantage,2,26,69
GA,machine_advantage,2,27,69
GA,machine_advantage,2,28,69
GA,machine_advantage,2,29,69
GA,machine_advantage,2,30,69
GA,machine_advantage,2,31,69
GA,machine_advantage,2,32,69
GA,machine_advantage,2,33,69
GA,machine_advantage,2,34,69
GA,machine_advantage,2,35,69
GA,machine_advantage,2,36,69
GA,machine_advantage,2,37,69
GA,machine_advantage,2,38,69
GA,machine_advantage,2,39,69
GA,machine_advantage,2,40,69
GA,machine_advantage,2,41,69
GA,machine_advantage,2,42,69
GA,machine_advantage,2,43,69
GA,machine_advantage,2,44,69
GA,machine_advantage,2,45,69
GA,machine_advantage,2,46,69
GA,machine_advantage,2,47,69
GA,machine_advantage,2,48,69
GA,machine_advantage,2,49,69
GA,machine_advantage,2,50,69
GA,machine_advantage,2,51,69
GA,machine_advantage,2,52,69
GA,machine_advantage,2,53,69
GA,machine_advantage,2,54,69
GA,machine_advantage,2,55,69
GA,machine_advantage,2,56,69
GA,machine_advantage,2,57,69
GA,machine_advantage,2,58,69
GA,machine_advantage,2,59,69
GA,machine_advantage,2,60,69
GA,machine_advantage,2,61,69
GA,machine_advantage,2,62,69
GA,machine_advantage,2,63,69
GA,machine_advantage,2,64,69
GA,machine_advantage,2,65,69
GA,machine_advantage,2,66,69
GA,machine_advantage,2,67,69
GA,machine_advantage,2,68,69
GA,machine_advantage,2,69,69
GA,machine_advantage,2,70,69
GA,machine_advantage,2,71,69
GA,machine_advantage,2,72,69
GA,machine_advantage,2,73,69
GA,machine_advantage,2,74,69
GA,machine_advantage,2,75,69
GA,machine_advantage,2,76,69
GA,machine_advantage,2,77,69
GA,machine_advantage,2,78,69
GA,machine_advantage,2,79,69
GA,machine_advantage,2,80,69
SLGA,machine_advantage,2,0,75
SLGA,machine_advantage,2,1,75
SLGA,machine_advantage,2,2,75
SLGA,machine_advantage,2,3,75
SLGA,machine_advantage,2,4,75
SLGA,machine_advantage,2,5,75
SLGA,machine_advantage,2,6,75
SLGA,machine_advantage,2,7,75
SLGA,machine_advantage,2,8,75
SLGA,machine_advantage,2,9,75
SLGA,machine_advantage,2,10,75
SLGA,machine_advantage,2,11,75
SLGA,machine_advantage,2,12,75
SLGA,machine_advantage,2,13,75
SLGA,machine_advantage,2,14,75
SLGA,machine_advantage,2,15,75
SLGA,machine_advantage,2,16,75
SLGA,machine_advantage,2,17,75
SLGA,machine_advantage,2,18,70
SLGA,machine_advantage,2,19,70
SLGA,machine_advantage,2,20,70
SLGA,machine_advantage,2,21,70
SLGA,machine_advantage,2,22,70
SLGA,machine_advantage,2,23,70
SLGA,machine_advantage,2,24,70
SLGA,machine_advantage,2,25,70
SLGA,machine_advantage,2,26,70
SLGA,machine_advantage,2,27,70
SLGA,machine_advantage,2,28,70
SLGA,machine_advantage,2,29,70
SLGA,machine_advantage,2,30,70
SLGA,machine_advantage,2,31,70
SLGA,machine_advantage,2,32,70
SLGA,machine_advantage,2,33,70
SLGA,machine_advantage,2,34,70
SLGA,machine_advantage,2,35,70
SLGA,machine_advantage,2,36,70
SLGA,machine_advantage,2,37,70
SLGA,machine_advantage,2,38,70
SLGA,machine_advantage,2,39,70
SLGA,machine_advantage,2,40,70
SLGA,machine_advantage,2,41,70
SLGA,machine_advantage,2,42,70
SLGA,machine_advantage,2,43,70
SLGA,machine_advantage,2,44,70
SLGA,machine_advantage,2,45,70
SLGA,machine_advantage,2,46,70
SLGA,machine_advantage,2,47,70
SLGA,machine_advantage,2,48,70
SLGA,machine_advantage,2,49,70
SLGA,machine_advantage,2,50,70
SLGA,machine_advantage,2,51,70
SLGA,machine_advantage,2,52,70
SLGA,machine_advantage,2,53,70
SLGA,machine_advantage,2,54,70
SLGA,machine_advantage,2,55,70
SLGA,machine_advantage,2,56,70
SLGA,machine_advantage,2,57,70
SLGA,machine_advantage,2,58,70
SLGA,machine_advantage,2,59,70
SLGA,machine_advantage,2,60,70
SLGA,machine_advantage,2,61,70
SLGA,machine_advantage,2,62,70
SLGA,machine_advantage,2,63,70
SLGA,machine_advantage,2,64,70
SLGA,machine_advantage,2,65,70
SLGA,machine_advantage,2,66,70
SLGA,machine_advantage,2,67,70
SLGA,machine_advantage,2,68,70
SLGA,machine_advantage,2,69,70
SLGA,machine_advantage,2,70,70
SLGA,machine_advantage,2,71,70
SLGA,machine_advantage,2,72,70
SLGA,machine_advantage,2,73,70
SLGA,machine_advantage,2,74,70
SLGA,machine_advantage,2,75,70
SLGA,machine_advantage,2,76,70
SLGA,machine_advantage,2,77,70
SLGA,machine_advantage,2,78,70
SLGA,machine_advantage,2,79,70
SLGA,machine_advantage,2,80,70
GA,machine_advantage,3,0,93
GA,machine_advantage,3,1,93
GA,machine_advantage,3,2,93
GA,machine_advantage,3,3,93
GA,machine_advantage,3,4,93
GA,machine_advantage,3,5,93
GA,machine_advantage,3,6,93
GA,machine_advantage,3,7,93
GA,machine_advantage,3,8,93
GA,machine_advantage,3,9,93
GA,machine_advantage,3,10,93
GA,machine_advantage,3,11,93
GA,machine_advantage,3,12,93
GA,machine_advantage,3,13,93
GA,machine_advantage,3,14,93
GA,machine_advantage,3,15,93
GA,machine_advantage,3,16,93
GA,machine_advantage,3,17,93
GA,machine_advantage,3,18,93
GA,machine_advantage,3,19,93
GA,machine_advantage,3,20,93
GA,machine_advantage,3,21,93
GA,machine_advantage,3,22,93
GA,machine_advantage,3,23,93
GA,machine_advantage,3,24,93
GA,machine_advantage,3,25,93
GA,machine_advantage,3,26,93
GA,machine_advantage,3,27,93
GA,machine_advantage,3,28,93
GA,machine_advantage,3,29,93
GA,machine_advantage,3,30,93
GA,machine_advantage,3,31,93
GA,machine_advantage,3,32,93
GA,machine_advantage,3,33,93
GA,machine_advantage,3,34,93
GA,machine_advantage,3,35,93
GA,machine_advantage,3,36,93
GA,machine_advantage,3,37,93
GA,machine_advantage,3,38,93
GA,machine_advantage,3,39,93
GA,machine_advantage,3,40,93
GA,machine_advantage,3,41,93
GA,machine_advantage,3,42,93
GA,machine_advantage,3,43,93
GA,machine_advantage,3,44,93
GA,machine_advantage,3,45,93
GA,machine_advantage,3,46,93
GA,machine_advantage,3,47,93
GA,machine_advantage,3,48,93
GA,machine_advantage,3,49,93
GA,machine_advantage,3,50,93
GA,machine_advantage,3,51,93
GA,machine_advantage,3,52,93
GA,machine_advantage,3,53,93
GA,machine_advantage,3,54,93
GA,machine_advantage,3,55,93
GA,machine_advantage,3,56,93
GA,machine_advantage,3,57,93
GA,machine_advantage,3,58,93
GA,machine_advantage,3,59,93
GA,machine_advantage,3,60,93
GA,machine_advantage,3,61,93
GA,machine_advantage,3,62,93
GA,machine_advantage,3,63,93
GA,machine_advantage,3,64,93
GA,machine_advantage,3,65,93
GA,machine_advantage,3,66,93
GA,machine_advantage,3,67,93
GA,machine_advantage,3,68,93
GA,machine_advantage,3,69,93
GA,machine_advantage,3,70,93
GA,machine_advantage,3,71,93
GA,machine_advantage,3,72,93
GA,machine_advantage,3,73,93
GA,machine_advantage,3,74,93
GA,machine_advantage,3,75,91
GA,machine_advantage,3,76,91
GA,machine_advantage,3,77,91
GA,machine_advantage,3,78,91
GA,machine_advantage,3,79,91
GA,machine_advantage,3,80,91
SLGA,machine_advantage,3,0,93
SLGA,machine_advantage,3,1,93
SLGA,machine_advantage,3,2,93
SLGA,machine_advantage,3,3,93
SLGA,machine_advantage,3,4,93
SLGA,machine_advantage,3,5,93
SLGA,machine_advantage,3,6,92
SLGA,machine_advantage,3,7,92
SLGA,machine_advantage,3,8,92
SLGA,machine_advantage,3,9,85
SLGA,machine_advantage,3,10,85
SLGA,machine_advantage,3,11,85
SLGA,machine_advantage,3,12,85
SLGA,machine_advantage,3,13,85
SLGA,machine_advantage,3,14,85
SLGA,machine_advantage,3,15,85
SLGA,machine_advantage,3,16,85
SLGA,machine_advantage,3,17,85
SLGA,machine_advantage,3,18,85
SLGA,machine_advantage,3,19,85
SLGA,machine_advantage,3,20,85
SLGA,machine_advantage,3,21,85
SLGA,machine_advantage,3,22,85
SLGA,machine_advantage,3,23,85
SLGA,machine_advantage,3,24,85
SLGA,machine_advantage,3,25,85
SLGA,machine_advantage,3,26,85
SLGA,machine_advantage,3,27,85
SLGA,machine_advantage,3,28,85
SLGA,machine_advantage,3,29,85
SLGA,machine_advantage,3,30,85
SLGA,machine_advantage,3,31,85
SLGA,machine_advantage,3,32,85
SLGA,machine_advantage,3,33,85
SLGA,machine_advantage,3,34,85
SLGA,machine_advantage,3,35,85
SLGA,machine_advantage,3,36,85
SLGA,machine_advantage,3,37,85
SLGA,machine_advantage,3,38,85
SLGA,machine_advantage,3,39,85
SLGA,machine_advantage,3,40,81
SLGA,machine_advantage,3,41,81
SLGA,machine_advantage,3,42,81
SLGA,machine_advantage,3,43,81
SLGA,machine_advantage,3,44,81
SLGA,machine_advantage,3,45,81
SLGA,machine_advantage,3,46,81
SLGA,machine_advantage,3,47,79
SLGA,machine_advantage,3,48,79
SLGA,machine_advantage,3,49,79
SLGA,machine_advantage,3,50,79
SLGA,machine_advantage,3,51,79
SLGA,machine_advantage,3,52,79
SLGA,machine_advantage,3,53,79
SLGA,machine_advantage,3,54,79
SLGA,machine_advantage,3,55,79
SLGA,machine_advantage,3,56,79
SLGA,machine_advantage,3,57,79
SLGA,machine_advantage,3,58,79
SLGA,machine_advantage,3,59,79
SLGA,machine_advantage,3,60,79
SLGA,machine_advantage,3,61,79
SLGA,machine_advantage,3,62,79
SLGA,machine_advantage,3,63,79
SLGA,machine_advantage,3,64,79
SLGA,machine_advantage,3,65,79
SLGA,machine_advantage,3,66,79
SLGA,machine_advantage,3,67,79
SLGA,machine_advantage,3,68,79
SLGA,machine_advantage,3,69,79
SLGA,machine_advantage,3,70,79
SLGA,machine_advantage,3,71,79
SLGA,machine_advantage,3,72,79
SLGA,machine_advantage,3,73,79
SLGA,machine_advantage,3,74,79
SLGA,machine_advantage,3,75,79
SLGA,machine_advantage,3,76,79
SLGA,machine_advantage,3,77,79
SLGA,machine_advantage,3,78,79
SLGA,machine_advantage,3,79,79
SLGA,machine_advantage,3,80,79
GA,machine_advantage,4,0,78
GA,machine_advantage,4,1,78
GA,machine_advantage,4,2,78
GA,machine_advantage,4,3,78
GA,machine_advantage,4,4,78
GA,machine_advantage,4,5,78
GA,machine_advantage,4,6,78
GA,machine_advantage,4,7,78
GA,machine_advantage,4,8,78
GA,machine_advantage,4,9,78
GA,machine_advantage,4,10,78
GA,machine_advantage,4,11,78
GA,machine_advantage,4,12,78
GA,machine_advantage,4,13,78
GA,machine_advantage,4,14,78
GA,machine_advantage,4,15,78
GA,machine_advantage,4,16,78
GA,machine_advantage,4,17,78
GA,machine_advantage,4,18,78
GA,machine_advantage,4,19,78
GA,machine_advantage,4,20,78
GA,machine_advantage,4,21,78
GA,machine_advantage,4,22,78
GA,machine_advantage,4,23,78
GA,machine_advantage,4,24,78
GA,machine_advantage,4,25,78
GA,machine_advantage,4,26,78
GA,machine_advantage,4,27,78
GA,machine_advantage,4,28,78
GA,machine_advantage,4,29,78
GA,machine_advantage,4,30,78
GA,machine_advantage,4,31,78
GA,machine_advantage,4,32,78
GA,machine_advantage,4,33,78
GA,machine_advantage,4,34,78
GA,machine_advantage,4,35,78
GA,machine_advantage,4,36,78
GA,machine_advantage,4,37,78
GA,machine_advantage,4,38,78
GA,machine_advantage,4,39,78
GA,machine_advantage,4,40,78
GA,machine_advantage,4,41,78
GA,machine_advantage,4,42,78
GA,machine_advantage,4,43,78
GA,machine_advantage,4,44,78
GA,machine_advantage,4,45,78
GA,machine_advantage,4,46,78
GA,machine_advantage,4,47,78
GA,machine_advantage,4,48,78
GA,machine_advantage,4,49,78
GA,machine_advantage,4,50,78
GA,machine_advantage,4,51,78
GA,machine_advantage,4,52,78
GA,machine_advantage,4,53,78
GA,machine_advantage,4,54,78
GA,machine_advantage,4,55,78
GA,machine_advantage,4,56,78
GA,machine_advantage,4,57,78
GA,machine_advantage,4,58,78
GA,machine_advantage,4,59,78
GA,machine_advantage,4,60,78
GA,machine_advantage,4,61,78
GA,machine_advantage,4,62,78
GA,machine_advantage,4,63,78
GA,machine_advantage,4,64,78
GA,machine_advantage,4,65,78
GA,machine_advantage,4,66,78
GA,machine_advantage,4,67,78
GA,machine_advantage,4,68,78
GA,machine_advantage,4,69,78
GA,machine_advantage,4,70,78
GA,machine_advantage,4,71,78
GA,machine_advantage,4,72,78
GA,machine_advantage,4,73,78
GA,machine_advantage,4,74,78
GA,machine_advantage,4,75,78
GA,machine_advantage,4,76,78
GA,machine_advantage,4,77,78
GA,machine_advantage,4,78,78
GA,machine_advantage,4,79,78
GA,machine_advantage,4,80,78
SLGA,machine_advantage,4,0,78
SLGA,machine_advantage,4,1,78
SLGA,machine_advantage,4,2,78
SLGA,machine_advantage,4,3,78
SLGA,machine_advantage,4,4,78
SLGA,machine_advantage,4,5,78
SLGA,machine_advantage,4,6,78
SLGA,machine_advantage,4,7,78
SLGA,machine_advantage,4,8,78
SLGA,machine_advantage,4,9,78
SLGA,machine_advantage,4,10,78
SLGA,machine_advantage,4,11,78
SLGA,machine_advantage,4,12,78
SLGA,machine_advantage,4,13,78
SLGA,machine_advantage,4,14,78
SLGA,machine_advantage,4,15,78
SLGA,machine_advantage,4,16,78
SLGA,machine_advantage,4,17,78
SLGA,machine_advantage,4,18,78
SLGA,machine_advantage,4,19,78
SLGA,machine_advantage,4,20,78
SLGA,machine_advantage,4,21,78
SLGA,machine_advantage,4,22,78
SLGA,machine_advantage,4,23,78
SLGA,machine_advantage,4,24,78
SLGA,machine_advantage,4,25,78
SLGA,machine_advantage,4,26,78
SLGA,machine_advantage,4,27,78
SLGA,machine_advantage,4,28,78
SLGA,machine_advantage,4,29,78
SLGA,machine_advantage,4,30,78
SLGA,machine_advantage,4,31,78
SLGA,machine_advantage,4,32,78
SLGA,machine_advantage,4,33,78
SLGA,machine_advantage,4,34,78
SLGA,machine_advantage,4,35,78
SLGA,machine_advantage,4,36,78
SLGA,machine_advantage,4,37,78
SLGA,machine_advantage,4,38,78
SLGA,machine_advantage,4,39,78
SLGA,machine_advantage,4,40,78
SLGA,machine_advantage,4,41,78
SLGA,machine_advantage,4,42,78
SLGA,machine_advantage,4,43,78
SLGA,machine_advantage,4,44,78
SLGA,machine_advantage,4,45,78
SLGA,machine_advantage,4,46,78
SLGA,machine_advantage,4,47,78
SLGA,machine_advantage,4,48,78
SLGA,machine_advantage,4,49,78
SLGA,machine_advantage,4,50,78
SLGA,machine_advantage,4,51,78
SLGA,machine_advantage,4,52,78
SLGA,machine_advantage,4,53,78
SLGA,machine_advantage,4,54,78
SLGA,machine_advantage,4,55,78
SLGA,machine_advantage,4,56,78
SLGA,machine_advantage,4,57,78
SLGA,machine_advantage,4,58,78
SLGA,machine_advantage,4,59,78
SLGA,machine_advantage,4,60,78
SLGA,machine_advantage,4,61,78
SLGA,machine_advantage,4,62,78
SLGA,machine_advantage,4,63,78
SLGA,machine_advantage,4,64,78
SLGA,machine_advantage,4,65,78
SLGA,machine_advantage,4,66,78
SLGA,machine_advantage,4,67,78
SLGA,machine_advantage,4,68,78
SLGA,machine_advantage,4,69,78
SLGA,machine_advantage,4,70,78
SLGA,machine_advantage,4,71,78
SLGA,machine_advantage,4,72,78
SLGA,machine_advantage,4,73,78
SLGA,machine_advantage,4,74,78
SLGA,machine_advantage,4,75,78
SLGA,machine_advantage,4,76,78
SLGA,machine_advantage,4,77,78
SLGA,machine_advantage,4,78,78
SLGA,machine_advantage,4,79,78
SLGA,machine_advantage,4,80,78
GA,machine_advantage,5,0,113
GA,machine_advantage,5,1,113
GA,machine_advantage,5,2,113
GA,machine_advantage,5,3,113
GA,machine_advantage,5,4,113
GA,machine_advantage,5,5,113
GA,machine_advantage,5,6,113
GA,machine_advantage,5,7,113
GA,machine_advantage,5,8,113
GA,machine_advantage,5,9,113
GA,machine_advantage,5,10,113
GA,machine_advantage,5,11,113
GA,machine_advantage,5,12,113
GA,machine_advantage,5,13,113
GA,machine_advantage,5,14,113
GA,machine_advantage,5,15,113
GA,machine_advantage,5,16,113
GA,machine_advantage,5,17,113
GA,machine_advantage,5,18,113
GA,machine_advantage,5,19,113
GA,machine_advantage,5,20,113
GA,machine_advantage,5,21,113
GA,machine_advantage,5,22,113
GA,machine_advantage,5,23,113
GA,machine_advantage,5,24,113
GA,machine_advantage,5,25,113
GA,machine_advantage,5,26,113
GA,machine_advantage,5,27,113
GA,machine_advantage,5,28,113
GA,machine_advantage,5,29,113
GA,machine_advantage,5,30,113
GA,machine_advantage,5,31,113
GA,machine_advantage,5,32,113
GA,machine_advantage,5,33,113
GA,machine_advantage,5,34,113
GA,machine_advantage,5,35,113
GA,machine_advantage,5,36,113
GA,machine_advantage,5,37,113
GA,machine_advantage,5,38,113
GA,machine_advantage,5,39,113
GA,machine_advantage,5,40,113
GA,machine_advantage,5,41,113
GA,machine_advantage,5,42,113
GA,machine_advantage,5,43,113
GA,machine_advantage,5,44,113
GA,machine_advantage,5,45,113
GA,machine_advantage,5,46,113
GA,machine_advantage,5,47,113
GA,machine_advantage,5,48,113
GA,machine_advantage,5,49,113
GA,machine_advantage,5,50,113
GA,machine_advantage,5,51,113
GA,machine_advantage,5,52,113
GA,machine_advantage,5,53,113
GA,machine_advantage,5,54,113
GA,machine_advantage,5,55,113
GA,machine_advantage,5,56,113
GA,machine_advantage,5,57,113
GA,machine_advantage,5,58,113
GA,machine_advantage,5,59,113
GA,machine_advantage,5,60,113
GA,machine_advantage,5,61,113
GA,machine_advantage,5,62,113
GA,machine_advantage,5,63,113
GA,machine_advantage,5,64,113
GA,machine_advantage,5,65,113
GA,machine_advantage,5,66,113
GA,machine_advantage,5,67,113
GA,machine_advantage,5,68,113
GA,machine_advantage,5,69,113
GA,machine_advantage,5,70,113
GA,machine_advantage,5,71,113
GA,machine_advantage,5,72,113
GA,machine_advantage,5,73,113
GA,machine_advantage,5,74,113
GA,machine_advantage,5,75,113
GA,machine_advantage,5,76,113
GA,machine_advantage,5,77,113
GA,machine_advantage,5,78,113
GA,machine_advantage,5,79,113
GA,machine_advantage,5,80,113
SLGA,machine_advantage,5,0,113
SLGA,machine_advantage,5,1,113
SLGA,machine_advantage,5,2,113
SLGA,machine_advantage,5,3,113
SLGA,machine_advantage,5,4,113
SLGA,machine_advantage,5,5,113
SLGA,machine_advantage,5,6,113
SLGA,machine_advantage,5,7,113
SLGA,machine_advantage,5,8,113
SLGA,machine_advantage,5,9,113
SLGA,machine_advantage,5,10,113
SLGA,machine_advantage,5,11,113
SLGA,machine_advantage,5,12,113
SLGA,machine_advantage,5,13,113
SLGA,machine_advantage,5,14,113
SLGA,machine_advantage,5,15,113
SLGA,machine_advantage,5,16,113
SLGA,machine_advantage,5,17,113
SLGA,machine_advantage,5,18,113
SLGA,machine_advantage,5,19,113
SLGA,machine_advantage,5,20,113
SLGA,machine_advantage,5,21,113
SLGA,machine_advantage,5,22,113
SLGA,machine_advantage,5,23,113
SLGA,machine_advantage,5,24,113
SLGA,machine_advantage,5,25,113
SLGA,machine_advantage,5,26,113
SLGA,machine_advantage,5,27,113
SLGA,machine_advantage,5,28,113
SLGA,machine_advantage,5,29,113
SLGA,machine_advantage,5,30,113
SLGA,machine_advantage,5,31,113
SLGA,machine_advantage,5,32,113
SLGA,machine_advantage,5,33,113
SLGA,machine_advantage,5,34,113
SLGA,machine_advantage,5,35,113
SLGA,machine_advantage,5,36,113
SLGA,machine_advantage,5,37,113
SLGA,machine_advantage,5,38,113
SLGA,machine_advantage,5,39,113
SLGA,machine_advantage,5,40,113
SLGA,machine_advantage,5,41,113
SLGA,machine_advantage,5,42,113
SLGA,machine_advantage,5,43,113
SLGA,machine_advantage,5,44,113
SLGA,machine_advantage,5,45,113
SLGA,machine_advantage,5,46,113
SLGA,machine_advantage,5,47,113
SLGA,machine_advantage,5,48,113
SLGA,machine_advantage,5,49,113
SLGA,machine_advantage,5,50,113
SLGA,machine_advantage,5,51,113
SLGA,machine_advantage,5,52,113
SLGA,machine_advantage,5,53,113
SLGA,machine_advantage,5,54,113
SLGA,machine_advantage,5,55,113
SLGA,machine_advantage,5,56,113
SLGA,machine_advantage,5,57,113
SLGA,machine_advantage,5,58,113
SLGA,machine_advantage,5,59,113
SLGA,machine_advantage,5,60,113
SLGA,machine_advantage,5,61,113
SLGA,machine_advantage,5,62,113
SLGA,machine_advantage,5,63,113
SLGA,machine_advantage,5,64,113
SLGA,machine_advantage,5,65,113
SLGA,machine_advantage,5,66,113
SLGA,machine_advantage,5,67,113
SLGA,machine_advantage,5,68,113
SLGA,machine_advantage,5,69,113
SLGA,machine_advantage,5,70,113
SLGA,machine_advantage,5,71,113
SLGA,machine_advantage,5,72,113
SLGA,machine_advantage,5,73,113
SLGA,machine_advantage,5,74,113
SLGA,machine_advantage,5,75,113
SLGA,machine_advantage,5,76,113
SLGA,machine_advantage,5,77,113
SLGA,machine_advantage,5,78,113
SLGA,machine_advantage,5,79,113
SLGA,machine_advantage,5,80,113
GA,hard,1,0,153
GA,hard,1,1,153
GA,hard,1,2,153
GA,hard,1,3,153
GA,hard,1,4,153
GA,hard,1,5,153
GA,hard,1,6,153
GA,hard,1,7,153
GA,hard,1,8,153
GA,hard,1,9,153
GA,hard,1,10,153
GA,hard,1,11,153
GA,hard,1,12,153
GA,hard,1,13,153
GA,hard,1,14,153
GA,hard,1,15,153
GA,hard,1,16,153
GA,hard,1,17,153
GA,hard,1,18,153
GA,hard,1,19,153
GA,hard,1,20,153
GA,hard,1,21,153
GA,hard,1,22,153
GA,hard,1,23,153
GA,hard,1,24,153
GA,hard,1,25,153
GA,hard,1,26,153
GA,hard,1,27,153
GA,hard,1,28,153
GA,hard,1,29,153
GA,hard,1,30,153
GA,hard,1,31,153
GA,hard,1,32,153
GA,hard,1,33,153
GA,hard,1,34,153
GA,hard,1,35,153
GA,hard,1,36,153
GA,hard,1,37,153
GA,hard,1,38,153
GA,hard,1,39,153
GA,hard,1,40,153
GA,hard,1,41,153
GA,hard,1,42,153
GA,hard,1,43,153
GA,hard,1,44,153
GA,hard,1,45,153
GA,hard,1,46,153
GA,hard,1,47,153
GA,hard,1,48,153
GA,hard,1,49,153
GA,hard,1,50,153
GA,hard,1,51,153
GA,hard,1,52,153
GA,hard,1,53,153
GA,hard,1,54,153
GA,hard,1,55,153
GA,hard,1,56,153
GA,hard,1,57,153
GA,hard,1,58,153
GA,hard,1,59,153
GA,hard,1,60,153
GA,hard,1,61,153
GA,hard,1,62,153
GA,hard,1,63,153
GA,hard,1,64,153
GA,hard,1,65,153
GA,hard,1,66,153
GA,hard,1,67,153
GA,hard,1,68,153
GA,hard,1,69,153
GA,hard,1,70,153
GA,hard,1,71,153
GA,hard,1,72,153
GA,hard,1,73,153
GA,hard,1,74,153
GA,hard,1,75,153
GA,hard,1,76,153
GA,hard,1,77,153
GA,hard,1,78,153
GA,hard,1,79,153
GA,hard,1,80,153
SLGA,hard,1,0,153
SLGA,hard,1,1,153
SLGA,hard,1,2,153
SLGA,hard,1,3,153
SLGA,hard,1,4,153
SLGA,hard,1,5,153
SLGA,hard,1,6,153
SLGA,hard,1,7,153
SLGA,hard,1,8,153
SLGA,hard,1,9,153
SLGA,hard,1,10,153
SLGA,hard,1,11,153
SLGA,hard,1,12,153
SLGA,hard,1,13,153
SLGA,hard,1,14,153
SLGA,hard,1,15,153
SLGA,hard,1,16,153
SLGA,hard,1,17,153
SLGA,hard,1,18,153
SLGA,hard,1,19,153
SLGA,hard,1,20,153
SLGA,hard,1,21,153
SLGA,hard,1,22,153
SLGA,hard,1,23,153
SLGA,hard,1,24,153
SLGA,hard,1,25,153
SLGA,hard,1,26,153
SLGA,hard,1,27,153
SLGA,hard,1,28,153
SLGA,hard,1,29,153
SLGA,hard,1,30,153
SLGA,hard,1,31,153
SLGA,hard,1,32,153
SLGA,hard,1,33,153
SLGA,hard,1,34,153
SLGA,hard,1,35,153
SLGA,hard,1,36,153
SLGA,hard,1,37,153
SLGA,hard,1,38,153
SLGA,hard,1,39,153
SLGA,hard,1,40,153
SLGA,hard,1,41,153
SLGA,hard,1,42,153
SLGA,hard,1,43,153
SLGA,hard,1,44,153
SLGA,hard,1,45,153
SLGA,hard,1,46,153
SLGA,hard,1,47,153
SLGA,hard,1,48,153
SLGA,hard,1,49,153
SLGA,hard,1,50,153
SLGA,hard,1,51,153
SLGA,hard,1,52,153
SLGA,hard,1,53,153
SLGA,hard,1,54,153
SLGA,hard,1,55,153
SLGA,hard,1,56,153
SLGA,hard,1,57,153
SLGA,hard,1,58,153
SLGA,hard,1,59,153
SLGA,hard,1,60,153
SLGA,hard,1,61,153
SLGA,hard,1,62,153
SLGA,hard,1,63,153
SLGA,hard,1,64,153
SLGA,hard,1,65,153
SLGA,hard,1,66,153
SLGA,hard,1,67,153
SLGA,hard,1,68,153
SLGA,hard,1,69,153
SLGA,hard,1,70,153
SLGA,hard,1,71,153
SLGA,hard,1,72,153
SLGA,hard,1,73,153
SLGA,hard,1,74,153
SLGA,hard,1,75,153
SLGA,hard,1,76,153
SLGA,hard,1,77,153
SLGA,hard,1,78,153
SLGA,hard,1,79,153
SLGA,hard,1,80,153
GA,hard,2,0,150
GA,hard,2,1,150
GA,hard,2,2,150
GA,hard,2,3,150
GA,hard,2,4,150
GA,hard,2,5,150
GA,hard,2,6,150
GA,hard,2,7,150
GA,hard,2,8,150
GA,hard,2,9,150
GA,hard,2,10,150
GA,hard,2,11,150
GA,hard,2,12,150
GA,hard,2,13,150
GA,hard,2,14,150
GA,hard,2,15,150
GA,hard,2,16,150
GA,hard,2,17,150
GA,hard,2,18,150
GA,hard,2,19,150
GA,hard,2,20,150
GA,hard,2,21,150
GA,hard,2,22,150
GA,hard,2,23,150
GA,hard,2,24,150
GA,hard,2,25,150
GA,hard,2,26,150
GA,hard,2,27,150
GA,hard,2,28,150
GA,hard,2,29,150
GA,hard,2,30,150
GA,hard,2,31,150
GA,hard,2,32,150
GA,hard,2,33,150
GA,hard,2,34,150
GA,hard,2,35,150
GA,hard,2,36,150
GA,hard,2,37,150
GA,hard,2,38,150
GA,hard,2,39,150
GA,hard,2,40,150
GA,hard,2,41,150
GA,hard,2,42,150
GA,hard,2,43,150
GA,hard,2,44,150
GA,hard,2,45,150
GA,hard,2,46,150
GA,hard,2,47,150
GA,hard,2,48,150
GA,hard,2,49,150
GA,hard,2,50,150
GA,hard,2,51,150
GA,hard,2,52,150
GA,hard,2,53,150
GA,hard,2,54,150
GA,hard,2,55,150
GA,hard,2,56,150
GA,hard,2,57,150
GA,hard,2,58,150
GA,hard,2,59,150
GA,hard,2,60,150
GA,hard,2,61,150
GA,hard,2,62,150
GA,hard,2,63,150
GA,hard,2,64,150
GA,hard,2,65,150
GA,hard,2,66,150
GA,hard,2,67,150
GA,hard,2,68,150
GA,hard,2,69,150
GA,hard,2,70,150
GA,hard,2,71,150
GA,hard,2,72,150
GA,hard,2,73,150
GA,hard,2,74,150
GA,hard,2,75,150
GA,hard,2,76,150
GA,hard,2,77,150
GA,hard,2,78,150
GA,hard,2,79,150
GA,hard,2,80,150
SLGA,hard,2,0,150
SLGA,hard,2,1,150
SLGA,hard,2,2,150
SLGA,hard,2,3,150
SLGA,hard,2,4,150
SLGA,hard,2,5,150
SLGA,hard,2,6,150
SLGA,hard,2,7,150
SLGA,hard,2,8,150
SLGA,hard,2,9,150
SLGA,hard,2,10,150
SLGA,hard,2,11,150
SLGA,hard,2,12,150
SLGA,hard,2,13,150
SLGA,hard,2,14,150
SLGA,hard,2,15,150
SLGA,hard,2,16,150
SLGA,hard,2,17,150
SLGA,hard,2,18,150
SLGA,hard,2,19,150
SLGA,hard,2,20,150
SLGA,hard,2,21,150
SLGA,hard,2,22,150
SLGA,hard,2,23,150
SLGA,hard,2,24,150
SLGA,hard,2,25,150
SLGA,hard,2,26,150
SLGA,hard,2,27,150
SLGA,hard,2,28,150
SLGA,hard,2,29,150
SLGA,hard,2,30,150
SLGA,hard,2,31,150
SLGA,hard,2,32,150
SLGA,hard,2,33,150
SLGA,hard,2,34,150
SLGA,hard,2,35,150
SLGA,hard,2,36,150
SLGA,hard,2,37,150
SLGA,hard,2,38,150
SLGA,hard,2,39,150
SLGA,hard,2,40,150
SLGA,hard,2,41,150
SLGA,hard,2,42,149
SLGA,hard,2,43,149
SLGA,hard,2,44,149
SLGA,hard,2,45,149
SLGA,hard,2,46,149
SLGA,hard,2,47,149
SLGA,hard,2,48,149
SLGA,hard,2,49,149
SLGA,hard,2,50,149
SLGA,hard,2,51,149
SLGA,hard,2,52,149
SLGA,hard,2,53,149
SLGA,hard,2,54,149
SLGA,hard,2,55,149
SLGA,hard,2,56,149
SLGA,hard,2,57,149
SLGA,hard,2,58,149
SLGA,hard,2,59,149
SLGA,hard,2,60,149
SLGA,hard,2,61,149
SLGA,hard,2,62,149
SLGA,hard,2,63,149
SLGA,hard,2,64,149
SLGA,hard,2,65,149
SLGA,hard,2,66,149
SLGA,hard,2,67,149
SLGA,hard,2,68,149
SLGA,hard,2,69,149
SLGA,hard,2,70,149
SLGA,hard,2,71,149
SLGA,hard,2,72,149
SLGA,hard,2,73,149
SLGA,hard,2,74,149
SLGA,hard,2,75,149
SLGA,hard,2,76,149
SLGA,hard,2,77,149
SLGA,hard,2,78,149
SLGA,hard,2,79,149
SLGA,hard,2,80,149
GA,hard,3,0,148
GA,hard,3,1,148
GA,hard,3,2,148
GA,hard,3,3,148
GA,hard,3,4,148
GA,hard,3,5,148
GA,hard,3,6,148
GA,hard,3,7,148
GA,hard,3,8,148
GA,hard,3,9,148
GA,hard,3,10,148
GA,hard,3,11,148
GA,hard,3,12,148
GA,hard,3,13,148
GA,hard,3,14,148
GA,hard,3,15,148
GA,hard,3,16,148
GA,hard,3,17,148
GA,hard,3,18,148
GA,hard,3,19,148
GA,hard,3,20,148
GA,hard,3,21,148
GA,hard,3,22,148
GA,hard,3,23,148
GA,hard,3,24,148
GA,hard,3,25,148
GA,hard,3,26,148
GA,hard,3,27,148
GA,hard,3,28,148
GA,hard,3,29,148
GA,hard,3,30,148
GA,hard,3,31,148
GA,hard,3,32,148
GA,hard,3,33,148
GA,hard,3,34,148
GA,hard,3,35,148
GA,hard,3,36,148
GA,hard,3,37,148
GA,hard,3,38,148
GA,hard,3,39,148
GA,hard,3,40,148
GA,hard,3,41,148
GA,hard,3,42,148
GA,hard,3,43,148
GA,hard,3,44,148
GA,hard,3,45,148
GA,hard,3,46,148
GA,hard,3,47,148
GA,hard,3,48,148
GA,hard,3,49,148
GA,hard,3,50,148
GA,hard,3,51,148
GA,hard,3,52,148
GA,hard,3,53,148
GA,hard,3,54,148
GA,hard,3,55,148
GA,hard,3,56,148
GA,hard,3,57,148
GA,hard,3,58,148
GA,hard,3,59,148
GA,hard,3,60,148
GA,hard,3,61,148
GA,hard,3,62,148
GA,hard,3,63,148
GA,hard,3,64,148
GA,hard,3,65,148
GA,hard,3,66,148
GA,hard,3,67,148
GA,hard,3,68,148
GA,hard,3,69,148
GA,hard,3,70,148
GA,hard,3,71,148
GA,hard,3,72,148
GA,hard,3,73,148
GA,hard,3,74,148
GA,hard,3,75,148
GA,hard,3,76,148
GA,hard,3,77,148
GA,hard,3,78,148
GA,hard,3,79,148
GA,hard,3,80,148
SLGA,hard,3,0,148
SLGA,hard,3,1,148
SLGA,hard,3,2,148
SLGA,hard,3,3,148
SLGA,hard,3,4,148
SLGA,hard,3,5,148
SLGA,hard,3,6,148
SLGA,hard,3,7,148
SLGA,hard,3,8,148
SLGA,hard,3,9,148
SLGA,hard,3,10,148
SLGA,hard,3,11,148
SLGA,hard,3,12,148
SLGA,hard,3,13,148
SLGA,hard,3,14,148
SLGA,hard,3,15,148
SLGA,hard,3,16,148
SLGA,hard,3,17,148
SLGA,hard,3,18,148
SLGA,hard,3,19,148
SLGA,hard,3,20,148
SLGA,hard,3,21,148
SLGA,hard,3,22,148
SLGA,hard,3,23,148
SLGA,hard,3,24,148
SLGA,hard,3,25,148
SLGA,hard,3,26,148
SLGA,hard,3,27,148
SLGA,hard,3,28,148
SLGA,hard,3,29,148
SLGA,hard,3,30,148
SLGA,hard,3,31,148
SLGA,hard,3,32,148
SLGA,hard,3,33,148
SLGA,hard,3,34,148
SLGA,hard,3,35,148
SLGA,hard,3,36,148
SLGA,hard,3,37,148
SLGA,hard,3,38,148
SLGA,hard,3,39,148
SLGA,hard,3,40,148
SLGA,hard,3,41,148
SLGA,hard,3,42,148
SLGA,hard,3,43,148
SLGA,hard,3,44,148
SLGA,hard,3,45,148
SLGA,hard,3,46,148
SLGA,hard,3,47,148
SLGA,hard,3,48,148
SLGA,hard,3,49,148
SLGA,hard,3,50,148
SLGA,hard,3,51,148
SLGA,hard,3,52,148
SLGA,hard,3,53,148
SLGA,hard,3,54,148
SLGA,hard,3,55,148
SLGA,hard,3,56,148
SLGA,hard,3,57,148
SLGA,hard,3,58,148
SLGA,hard,3,59,148
SLGA,hard,3,60,148
SLGA,hard,3,61,148
SLGA,hard,3,62,148
SLGA,hard,3,63,148
SLGA,hard,3,64,148
SLGA,hard,3,65,148
SLGA,hard,3,66,148
SLGA,hard,3,67,148
SLGA,hard,3,68,148
SLGA,hard,3,69,148
SLGA,hard,3,70,148
SLGA,hard,3,71,148
SLGA,hard,3,72,148
SLGA,hard,3,73,148
SLGA,hard,3,74,148
SLGA,hard,3,75,148
SLGA,hard,3,76,148
SLGA,hard,3,77,148
SLGA,hard,3,78,148
SLGA,hard,3,79,148
SLGA,hard,3,80,148
GA,hard,4,0,196
GA,hard,4,1,196
GA,hard,4,2,196
GA,hard,4,3,196
GA,hard,4,4,196
GA,hard,4,5,196
GA,hard,4,6,196
GA,hard,4,7,196
GA,hard,4,8,196
GA,hard,4,9,196
GA,hard,4,10,196
GA,hard,4,11,196
GA,hard,4,12,196
GA,hard,4,13,196
GA,hard,4,14,196
GA,hard,4,15,196
GA,hard,4,16,196
GA,hard,4,17,196
GA,hard,4,18,196
GA,hard,4,19,196
GA,hard,4,20,196
GA,hard,4,21,196
GA,hard,4,22,196
GA,hard,4,23,196
GA,hard,4,24,196
GA,hard,4,25,196
GA,hard,4,26,196
GA,hard,4,27,196
GA,hard,4,28,196
GA,hard,4,29,196
GA,hard,4,30,196
GA,hard,4,31,196
GA,hard,4,32,196
GA,hard,4,33,196
GA,hard,4,34,196
GA,hard,4,35,196
GA,hard,4,36,196
GA,hard,4,37,196
GA,hard,4,38,196
GA,hard,4,39,196
GA,hard,4,40,196
GA,hard,4,41,196
GA,hard,4,42,196
GA,hard,4,43,196
GA,hard,4,44,196
GA,hard,4,45,196
GA,hard,4,46,196
GA,hard,4,47,196
GA,hard,4,48,196
GA,hard,4,49,196
GA,hard,4,50,196
GA,hard,4,51,196
GA,hard,4,52,196
GA,hard,4,53,196
GA,hard,4,54,196
GA,hard,4,55,196
GA,hard,4,56,196
GA,hard,4,57,196
GA,hard,4,58,196
GA,hard,4,59,196
GA,hard,4,60,196
GA,hard,4,61,196
GA,hard,4,62,196
GA,hard,4,63,196
GA,hard,4,64,196
GA,hard,4,65,196
GA,hard,4,66,196
GA,hard,4,67,196
GA,hard,4,68,196
GA,hard,4,69,196
GA,hard,4,70,196
GA,hard,4,71,196
GA,hard,4,72,196
GA,hard,4,73,196
GA,hard,4,74,196
GA,hard,4,75,196
GA,hard,4,76,196
GA,hard,4,77,196
GA,hard,4,78,196
GA,hard,4,79,196
GA,hard,4,80,196
SLGA,hard,4,0,196
SLGA,hard,4,1,196
SLGA,hard,4,2,196
SLGA,hard,4,3,196
SLGA,hard,4,4,196
SLGA,hard,4,5,196
SLGA,hard,4,6,196
SLGA,hard,4,7,196
SLGA,hard,4,8,196
SLGA,hard,4,9,196
SLGA,hard,4,10,196
SLGA,hard,4,11,196
SLGA,hard,4,12,196
SLGA,hard,4,13,196
SLGA,hard,4,14,196
SLGA,hard,4,15,196
SLGA,hard,4,16,196
SLGA,hard,4,17,196
SLGA,hard,4,18,196
SLGA,hard,4,19,196
SLGA,hard,4,20,196
SLGA,hard,4,21,196
SLGA,hard,4,22,196
SLGA,hard,4,23,196
SLGA,hard,4,24,196
SLGA,hard,4,25,196
SLGA,hard,4,26,196
SLGA,hard,4,27,196
SLGA,hard,4,28,196
SLGA,hard,4,29,196
SLGA,hard,4,30,196
SLGA,hard,4,31,196
SLGA,hard,4,32,196
SLGA,hard,4,33,196
SLGA,hard,4,34,196
SLGA,hard,4,35,196
SLGA,hard,4,36,196
SLGA,hard,4,37,196
SLGA,hard,4,38,196
SLGA,hard,4,39,196
SLGA,hard,4,40,196
SLGA,hard,4,41,196
SLGA,hard,4,42,196
SLGA,hard,4,43,196
SLGA,hard,4,44,196
SLGA,hard,4,45,196
SLGA,hard,4,46,196
SLGA,hard,4,47,196
SLGA,hard,4,48,196
SLGA,hard,4,49,196
SLGA,hard,4,50,196
SLGA,hard,4,51,196
SLGA,hard,4,52,196
SLGA,hard,4,53,196
SLGA,hard,4,54,196
SLGA,hard,4,55,196
SLGA,hard,4,56,196
SLGA,hard,4,57,196
SLGA,hard,4,58,196
SLGA,hard,4,59,196
SLGA,hard,4,60,196
SLGA,hard,4,61,196
SLGA,hard,4,62,196
SLGA,hard,4,63,196
SLGA,hard,4,64,196
SLGA,hard,4,65,196
SLGA,hard,4,66,196
SLGA,hard,4,67,196
SLGA,hard,4,68,196
SLGA,hard,4,69,196
SLGA,hard,4,70,196
SLGA,hard,4,71,196
SLGA,hard,4,72,196
SLGA,hard,4,73,196
SLGA,hard,4,74,196
SLGA,hard,4,75,196
SLGA,hard,4,76,196
SLGA,hard,4,77,196
SLGA,hard,4,78,196
SLGA,hard,4,79,196
SLGA,hard,4,80,196
GA,hard,5,0,143
GA,hard,5,1,143
GA,hard,5,2,143
GA,hard,5,3,143
GA,hard,5,4,143
GA,hard,5,5,143
GA,hard,5,6,143
GA,hard,5,7,143
GA,hard,5,8,143
GA,hard,5,9,143
GA,hard,5,10,143
GA,hard,5,11,143
GA,hard,5,12,143
GA,hard,5,13,143
GA,hard,5,14,143
GA,hard,5,15,143
GA,hard,5,16,143
GA,hard,5,17,143
GA,hard,5,18,143
GA,hard,5,19,143
GA,hard,5,20,143
GA,hard,5,21,143
GA,hard,5,22,143
GA,hard,5,23,143
GA,hard,5,24,143
GA,hard,5,25,143
GA,hard,5,26,143
GA,hard,5,27,143
GA,hard,5,28,143
GA,hard,5,29,143
GA,hard,5,30,143
GA,hard,5,31,143
GA,hard,5,32,143
GA,hard,5,33,143
GA,hard,5,34,143
GA,hard,5,35,143
GA,hard,5,36,143
GA,hard,5,37,143
GA,hard,5,38,143
GA,hard,5,39,143
GA,hard,5,40,143
GA,hard,5,41,143
GA,hard,5,42,143
GA,hard,5,43,143
GA,hard,5,44,143
GA,hard,5,45,143
GA,hard,5,46,143
GA,hard,5,47,143
GA,hard,5,48,143
GA,hard,5,49,143
GA,hard,5,50,143
GA,hard,5,51,143
GA,hard,5,52,143
GA,hard,5,53,143
GA,hard,5,54,143
GA,hard,5,55,143
GA,hard,5,56,143
GA,hard,5,57,143
GA,hard,5,58,143
GA,hard,5,59,143
GA,hard,5,60,143
GA,hard,5,61,143
GA,hard,5,62,143
GA,hard,5,63,143
GA,hard,5,64,143
GA,hard,5,65,143
GA,hard,5,66,143
GA,hard,5,67,143
GA,hard,5,68,143
GA,hard,5,69,143
GA,hard,5,70,143
GA,hard,5,71,143
GA,hard,5,72,143
GA,hard,5,73,143
GA,hard,5,74,143
GA,hard,5,75,143
GA,hard,5,76,143
GA,hard,5,77,143
GA,hard,5,78,143
GA,hard,5,79,143
GA,hard,5,80,143
SLGA,hard,5,0,143
SLGA,hard,5,1,143
SLGA,hard,5,2,143
SLGA,hard,5,3,143
SLGA,hard,5,4,143
SLGA,hard,5,5,143
SLGA,hard,5,6,143
SLGA,hard,5,7,143
SLGA,hard,5,8,143
SLGA,hard,5,9,143
SLGA,hard,5,10,143
SLGA,hard,5,11,143
SLGA,hard,5,12,143
SLGA,hard,5,13,143
SLGA,hard,5,14,143
SLGA,hard,5,15,143
SLGA,hard,5,16,143
SLGA,hard,5,17,143
SLGA,hard,5,18,143
SLGA,hard,5,19,143
SLGA,hard,5,20,143
SLGA,hard,5,21,143
SLGA,hard,5,22,143
SLGA,hard,5,23,143
SLGA,hard,5,24,143
SLGA,hard,5,25,143
SLGA,hard,5,26,143
SLGA,hard,5,27,143
SLGA,hard,5,28,143
SLGA,hard,5,29,143
SLGA,hard,5,30,143
SLGA,hard,5,31,143
SLGA,hard,5,32,143
SLGA,hard,5,33,143
SLGA,hard,5,34,143
SLGA,hard,5,35,143
SLGA,hard,5,36,143
SLGA,hard,5,37,143
SLGA,hard,5,38,143
SLGA,hard,5,39,143
SLGA,hard,5,40,143
SLGA,hard,5,41,143
SLGA,hard,5,42,143
SLGA,hard,5,43,143
SLGA,hard,5,44,143
SLGA,hard,5,45,143
SLGA,hard,5,46,143
SLGA,hard,5,47,143
SLGA,hard,5,48,143
SLGA,hard,5,49,143
SLGA,hard,5,50,143
SLGA,hard,5,51,143
SLGA,hard,5,52,143
SLGA,hard,5,53,143
SLGA,hard,5,54,143
SLGA,hard,5,55,143
SLGA,hard,5,56,143
SLGA,hard,5,57,143
SLGA,hard,5,58,143
SLGA,hard,5,59,143
SLGA,hard,5,60,143
SLGA,hard,5,61,143
SLGA,hard,5,62,143
SLGA,hard,5,63,143
SLGA,hard,5,64,143
SLGA,hard,5,65,143
SLGA,hard,5,66,143
SLGA,hard,5,67,143
SLGA,hard,5,68,143
SLGA,hard,5,69,143
SLGA,hard,5,70,143
SLGA,hard,5,71,143
SLGA,hard,5,72,143
SLGA,hard,5,73,143
SLGA,hard,5,74,143
SLGA,hard,5,75,143
SLGA,hard,5,76,143
SLGA,hard,5,77,143
SLGA,hard,5,78,143
SLGA,hard,5,79,143
SLGA,hard,5,80,143
GA,extreme,1,0,304
GA,extreme,1,1,304
GA,extreme,1,2,304
GA,extreme,1,3,304
GA,extreme,1,4,304
GA,extreme,1,5,304
GA,extreme,1,6,304
GA,extreme,1,7,304
GA,extreme,1,8,304
GA,extreme,1,9,304
GA,extreme,1,10,304
GA,extreme,1,11,304
GA,extreme,1,12,304
GA,extreme,1,13,304
GA,extreme,1,14,304
GA,extreme,1,15,304
GA,extreme,1,16,304
GA,extreme,1,17,304
GA,extreme,1,18,304
GA,extreme,1,19,304
GA,extreme,1,20,304
GA,extreme,1,21,304
GA,extreme,1,22,304
GA,extreme,1,23,304
GA,extreme,1,24,304
GA,extreme,1,25,304
GA,extreme,1,26,304
GA,extreme,1,27,304
GA,extreme,1,28,304
GA,extreme,1,29,304
GA,extreme,1,30,304
GA,extreme,1,31,304
GA,extreme,1,32,304
GA,extreme,1,33,304
GA,extreme,1,34,304
GA,extreme,1,35,304
GA,extreme,1,36,304
GA,extreme,1,37,304
GA,extreme,1,38,304
GA,extreme,1,39,304
GA,extreme,1,40,304
GA,extreme,1,41,304
GA,extreme,1,42,304
GA,extreme,1,43,304
GA,extreme,1,44,304
GA,extreme,1,45,304
GA,extreme,1,46,304
GA,extreme,1,47,304
GA,extreme,1,48,304
GA,extreme,1,49,304
GA,extreme,1,50,304
GA,extreme,1,51,304
GA,extreme,1,52,304
GA,extreme,1,53,304
GA,extreme,1,54,304
GA,extreme,1,55,304
GA,extreme,1,56,304
GA,extreme,1,57,304
GA,extreme,1,58,304
GA,extreme,1,59,304
GA,extreme,1,60,304
GA,extreme,1,61,304
GA,extreme,1,62,304
GA,extreme,1,63,304
GA,extreme,1,64,304
GA,extreme,1,65,304
GA,extreme,1,66,304
GA,extreme,1,67,304
GA,extreme,1,68,304
GA,extreme,1,69,304
GA,extreme,1,70,304
GA,extreme,1,71,304
GA,extreme,1,72,304
GA,extreme,1,73,304
GA,extreme,1,74,304
GA,extreme,1,75,304
GA,extreme,1,76,304
GA,extreme,1,77,304
GA,extreme,1,78,304
GA,extreme,1,79,304
GA,extreme,1,80,304
SLGA,extreme,1,0,304
SLGA,extreme,1,1,304
SLGA,extreme,1,2,304
SLGA,extreme,1,3,304
SLGA,extreme,1,4,304
SLGA,extreme,1,5,304
SLGA,extreme,1,6,304
SLGA,extreme,1,7,304
SLGA,extreme,1,8,304
SLGA,extreme,1,9,304
SLGA,extreme,1,10,304
SLGA,extreme,1,11,304
SLGA,extreme,1,12,304
SLGA,extreme,1,13,304
SLGA,extreme,1,14,304
SLGA,extreme,1,15,304
SLGA,extreme,1,16,304
SLGA,extreme,1,17,304
SLGA,extreme,1,18,304
SLGA,extreme,1,19,304
SLGA,extreme,1,20,304
SLGA,extreme,1,21,304
SLGA,extreme,1,22,304
SLGA,extreme,1,23,304
SLGA,extreme,1,24,304
SLGA,extreme,1,25,304
SLGA,extreme,1,26,304
SLGA,extreme,1,27,304
SLGA,extreme,1,28,304
SLGA,extreme,1,29,304
SLGA,extreme,1,30,304
SLGA,extreme,1,31,304
SLGA,extreme,1,32,304
SLGA,extreme,1,33,304
SLGA,extreme,1,34,304
SLGA,extreme,1,35,304
SLGA,extreme,1,36,304
SLGA,extreme,1,37,304
SLGA,extreme,1,38,304
SLGA,extreme,1,39,304
SLGA,extreme,1,40,304
SLGA,extreme,1,41,304
SLGA,extreme,1,42,304
SLGA,extreme,1,43,304
SLGA,extreme,1,44,304
SLGA,extreme,1,45,304
SLGA,extreme,1,46,304
SLGA,extreme,1,47,304
SLGA,extreme,1,48,304
SLGA,extreme,1,49,304
SLGA,extreme,1,50,304
SLGA,extreme,1,51,304
SLGA,extreme,1,52,304
SLGA,extreme,1,53,304
SLGA,extreme,1,54,304
SLGA,extreme,1,55,304
SLGA,extreme,1,56,304
SLGA,extreme,1,57,304
SLGA,extreme,1,58,304
SLGA,extreme,1,59,304
SLGA,extreme,1,60,304
SLGA,extreme,1,61,304
SLGA,extreme,1,62,304
SLGA,extreme,1,63,304
SLGA,extreme,1,64,304
SLGA,extreme,1,65,304
SLGA,extreme,1,66,304
SLGA,extreme,1,67,304
SLGA,extreme,1,68,304
SLGA,extreme,1,69,304
SLGA,extreme,1,70,304
SLGA,extreme,1,71,304
SLGA,extreme,1,72,304
SLGA,extreme,1,73,304
SLGA,extreme,1,74,304
SLGA,extreme,1,75,304
SLGA,extreme,1,76,304
SLGA,extreme,1,77,304
SLGA,extreme,1,78,304
SLGA,extreme,1,79,304
SLGA,extreme,1,80,304
GA,extreme,2,0,289
GA,extreme,2,1,289
GA,extreme,2,2,289
GA,extreme,2,3,289
GA,extreme,2,4,289
GA,extreme,2,5,289
GA,extreme,2,6,289
GA,extreme,2,7,289
GA,extreme,2,8,289
GA,extreme,2,9,289
GA,extreme,2,10,289
GA,extreme,2,11,289
GA,extreme,2,12,289
GA,extreme,2,13,289
GA,extreme,2,14,289
GA,extreme,2,15,289
GA,extreme,2,16,289
GA,extreme,2,17,289
GA,extreme,2,18,289
GA,extreme,2,19,289
GA,extreme,2,20,289
GA,extreme,2,21,289
GA,extreme,2,22,289
GA,extreme,2,23,289
GA,extreme,2,24,289
GA,extreme,2,25,289
GA,extreme,2,26,289
GA,extreme,2,27,289
GA,extreme,2,28,289
GA,extreme,2,29,289
GA,extreme,2,30,289
GA,extreme,2,31,289
GA,extreme,2,32,289
GA,extreme,2,33,289
GA,extreme,2,34,289
GA,extreme,2,35,289
GA,extreme,2,36,289
GA,extreme,2,37,289
GA,extreme,2,38,289
GA,extreme,2,39,289
GA,extreme,2,40,289
GA,extreme,2,41,289
GA,extreme,2,42,289
GA,extreme,2,43,289
GA,extreme,2,44,289
GA,extreme,2,45,289
GA,extreme,2,46,289
GA,extreme,2,47,289
GA,extreme,2,48,289
GA,extreme,2,49,289
GA,extreme,2,50,289
GA,extreme,2,51,289
GA,extreme,2,52,289
GA,extreme,2,53,289
GA,extreme,2,54,289
GA,extreme,2,55,289
GA,extreme,2,56,289
GA,extreme,2,57,289
GA,extreme,2,58,289
GA,extreme,2,59,289
GA,extreme,2,60,289
GA,extreme,2,61,289
GA,extreme,2,62,289
GA,extreme,2,63,289
GA,extreme,2,64,289
GA,extreme,2,65,289
GA,extreme,2,66,289
GA,extreme,2,67,289
GA,extreme,2,68,289
GA,extreme,2,69,289
GA,extreme,2,70,289
GA,extreme,2,71,289
GA,extreme,2,72,289
GA,extreme,2,73,289
GA,extreme,2,74,289
GA,extreme,2,75,289
GA,extreme,2,76,289
GA,extreme,2,77,289
GA,extreme,2,78,289
GA,extreme,2,79,289
GA,extreme,2,80,289
SLGA,extreme,2,0,289
SLGA,extreme,2,1,289
SLGA,extreme,2,2,289
SLGA,extreme,2,3,289
SLGA,extreme,2,4,289
SLGA,extreme,2,5,287
SLGA,extreme,2,6,287
SLGA,extreme,2,7,287
SLGA,extreme,2,8,287
SLGA,extreme,2,9,287
SLGA,extreme,2,10,287
SLGA,extreme,2,11,287
SLGA,extreme,2,12,287
SLGA,extreme,2,13,287
SLGA,extreme,2,14,287
SLGA,extreme,2,15,287
SLGA,extreme,2,16,287
SLGA,extreme,2,17,287
SLGA,extreme,2,18,287
SLGA,extreme,2,19,287
SLGA,extreme,2,20,287
SLGA,extreme,2,21,287
SLGA,extreme,2,22,287
SLGA,extreme,2,23,287
SLGA,extreme,2,24,287
SLGA,extreme,2,25,287
SLGA,extreme,2,26,287
SLGA,extreme,2,27,287
SLGA,extreme,2,28,287
SLGA,extreme,2,29,287
SLGA,extreme,2,30,287
SLGA,extreme,2,31,287
SLGA,extreme,2,32,287
SLGA,extreme,2,33,287
SLGA,extreme,2,34,287
SLGA,extreme,2,35,287
SLGA,extreme,2,36,287
SLGA,extreme,2,37,287
SLGA,extreme,2,38,287
SLGA,extreme,2,39,287
SLGA,extreme,2,40,287
SLGA,extreme,2,41,287
SLGA,extreme,2,42,287
SLGA,extreme,2,43,287
SLGA,extreme,2,44,287
SLGA,extreme,2,45,287
SLGA,extreme,2,46,287
SLGA,extreme,2,47,287
SLGA,extreme,2,48,287
SLGA,extreme,2,49,287
SLGA,extreme,2,50,287
SLGA,extreme,2,51,287
SLGA,extreme,2,52,287
SLGA,extreme,2,53,287
SLGA,extreme,2,54,287
SLGA,extreme,2,55,287
SLGA,extreme,2,56,287
SLGA,extreme,2,57,287
SLGA,extreme,2,58,287
SLGA,extreme,2,59,287
SLGA,extreme,2,60,287
SLGA,extreme,2,61,287
SLGA,extreme,2,62,287
SLGA,extreme,2,63,287
SLGA,extreme,2,64,287
SLGA,extreme,2,65,287
SLGA,extreme,2,66,287
SLGA,extreme,2,67,287
SLGA,extreme,2,68,287
SLGA,extreme,2,69,287
SLGA,extreme,2,70,287
SLGA,extreme,2,71,287
SLGA,extreme,2,72,287
SLGA,extreme,2,73,287
SLGA,extreme,2,74,287
SLGA,extreme,2,75,287
SLGA,extreme,2,76,287
SLGA,extreme,2,77,287
SLGA,extreme,2,78,287
SLGA,extreme,2,79,287
SLGA,extreme,2,80,287
GA,extreme,3,0,321
GA,extreme,3,1,321
GA,extreme,3,2,321
GA,extreme,3,3,321
GA,extreme,3,4,321
GA,extreme,3,5,321
GA,extreme,3,6,321
GA,extreme,3,7,321
GA,extreme,3,8,321
GA,extreme,3,9,321
GA,extreme,3,10,321
GA,extreme,3,11,321
GA,extreme,3,12,321
GA,extreme,3,13,321
GA,extreme,3,14,321
GA,extreme,3,15,321
GA,extreme,3,16,321
GA,extreme,3,17,321
GA,extreme,3,18,321
GA,extreme,3,19,321
GA,extreme,3,20,321
GA,extreme,3,21,321
GA,extreme,3,22,321
GA,extreme,3,23,321
GA,extreme,3,24,321
GA,extreme,3,25,321
GA,extreme,3,26,321
GA,extreme,3,27,321
GA,extreme,3,28,321
GA,extreme,3,29,321
GA,extreme,3,30,321
GA,extreme,3,31,321
GA,extreme,3,32,321
GA,extreme,3,33,321
GA,extreme,3,34,321
GA,extreme,3,35,321
GA,extreme,3,36,321
GA,extreme,3,37,321
GA,extreme,3,38,321
GA,extreme,3,39,321
GA,extreme,3,40,321
GA,extreme,3,41,321
GA,extreme,3,42,321
GA,extreme,3,43,321
GA,extreme,3,44,321
GA,extreme,3,45,321
GA,extreme,3,46,321
GA,extreme,3,47,321
GA,extreme,3,48,321
GA,extreme,3,49,321
GA,extreme,3,50,321
GA,extreme,3,51,321
GA,extreme,3,52,321
GA,extreme,3,53,321
GA,extreme,3,54,321
GA,extreme,3,55,321
GA,extreme,3,56,321
GA,extreme,3,57,321
GA,extreme,3,58,321
GA,extreme,3,59,321
GA,extreme,3,60,321
GA,extreme,3,61,321
GA,extreme,3,62,321
GA,extreme,3,63,321
GA,extreme,3,64,321
GA,extreme,3,65,321
GA,extreme,3,66,321
GA,extreme,3,67,321
GA,extreme,3,68,321
GA,extreme,3,69,321
GA,extreme,3,70,321
GA,extreme,3,71,321
GA,extreme,3,72,321
GA,extreme,3,73,321
GA,extreme,3,74,321
GA,extreme,3,75,321
GA,extreme,3,76,321
GA,extreme,3,77,321
GA,extreme,3,78,321
GA,extreme,3,79,321
GA,extreme,3,80,321
SLGA,extreme,3,0,321
SLGA,extreme,3,1,321
SLGA,extreme,3,2,321
SLGA,extreme,3,3,321
SLGA,extreme,3,4,321
SLGA,extreme,3,5,321
SLGA,extreme,3,6,321
SLGA,extreme,3,7,321
SLGA,extreme,3,8,321
SLGA,extreme,3,9,321
SLGA,extreme,3,10,321
SLGA,extreme,3,11,321
SLGA,extreme,3,12,321
SLGA,extreme,3,13,321
SLGA,extreme,3,14,321
SLGA,extreme,3,15,321
SLGA,extreme,3,16,321
SLGA,extreme,3,17,321
SLGA,extreme,3,18,321
SLGA,extreme,3,19,321
SLGA,extreme,3,20,321
SLGA,extreme,3,21,321
SLGA,extreme,3,22,321
SLGA,extreme,3,23,321
SLGA,extreme,3,24,321
SLGA,extreme,3,25,321
SLGA,extreme,3,26,321
SLGA,extreme,3,27,321
SLGA,extreme,3,28,321
SLGA,extreme,3,29,321
SLGA,extreme,3,30,321
SLGA,extreme,3,31,321
SLGA,extreme,3,32,321
SLGA,extreme,3,33,321
SLGA,extreme,3,34,321
SLGA,extreme,3,35,321
SLGA,extreme,3,36,321
SLGA,extreme,3,37,321
SLGA,extreme,3,38,321
SLGA,extreme,3,39,321
SLGA,extreme,3,40,321
SLGA,extreme,3,41,321
SLGA,extreme,3,42,321
SLGA,extreme,3,43,321
SLGA,extreme,3,44,321
SLGA,extreme,3,45,321
SLGA,extreme,3,46,321
SLGA,extreme,3,47,321
SLGA,extreme,3,48,321
SLGA,extreme,3,49,321
SLGA,extreme,3,50,321
SLGA,extreme,3,51,321
SLGA,extreme,3,52,321
SLGA,extreme,3,53,321
SLGA,extreme,3,54,321
SLGA,extreme,3,55,321
SLGA,extreme,3,56,321
SLGA,extreme,3,57,321
SLGA,extreme,3,58,321
SLGA,extreme,3,59,321
SLGA,extreme,3,60,321
SLGA,extreme,3,61,321
SLGA,extreme,3,62,321
SLGA,extreme,3,63,321
SLGA,extreme,3,64,321
SLGA,extreme,3,65,321
SLGA,extreme,3,66,321
SLGA,extreme,3,67,321
SLGA,extreme,3,68,321
SLGA,extreme,3,69,321
SLGA,extreme,3,70,321
SLGA,extreme,3,71,321
SLGA,extreme,3,72,321
SLGA,extreme,3,73,321
SLGA,extreme,3,74,321
SLGA,extreme,3,75,321
SLGA,extreme,3,76,321
SLGA,extreme,3,77,321
SLGA,extreme,3,78,321
SLGA,extreme,3,79,321
SLGA,extreme,3,80,321
GA,extreme,4,0,354
GA,extreme,4,1,354
GA,extreme,4,2,354
GA,extreme,4,3,354
GA,extreme,4,4,354
GA,extreme,4,5,354
GA,extreme,4,6,354
GA,extreme,4,7,354
GA,extreme,4,8,354
GA,extreme,4,9,354
GA,extreme,4,10,354
GA,extreme,4,11,354
GA,extreme,4,12,354
GA,extreme,4,13,354
GA,extreme,4,14,354
GA,extreme,4,15,354
GA,extreme,4,16,354
GA,extreme,4,17,354
GA,extreme,4,18,354
GA,extreme,4,19,354
GA,extreme,4,20,354
GA,extreme,4,21,354
GA,extreme,4,22,354
GA,extreme,4,23,354
GA,extreme,4,24,354
GA,extreme,4,25,354
GA,extreme,4,26,354
GA,extreme,4,27,354
GA,extreme,4,28,354
GA,extreme,4,29,354
GA,extreme,4,30,354
GA,extreme,4,31,354
GA,extreme,4,32,354
GA,extreme,4,33,354
GA,extreme,4,34,354
GA,extreme,4,35,354
GA,extreme,4,36,354
GA,extreme,4,37,354
GA,extreme,4,38,354
GA,extreme,4,39,354
GA,extreme,4,40,354
GA,extreme,4,41,354
GA,extreme,4,42,354
GA,extreme,4,43,354
GA,extreme,4,44,354
GA,extreme,4,45,354
GA,extreme,4,46,354
GA,extreme,4,47,354
GA,extreme,4,48,354
GA,extreme,4,49,354
GA,extreme,4,50,354
GA,extreme,4,51,354
GA,extreme,4,52,354
GA,extreme,4,53,354
GA,extreme,4,54,354
GA,extreme,4,55,354
GA,extreme,4,56,354
GA,extreme,4,57,354
GA,extreme,4,58,354
GA,extreme,4,59,354
GA,extreme,4,60,354
GA,extreme,4,61,354
GA,extreme,4,62,354
GA,extreme,4,63,354
GA,extreme,4,64,354
GA,extreme,4,65,354
GA,extreme,4,66,354
GA,extreme,4,67,354
GA,extreme,4,68,354
GA,extreme,4,69,354
GA,extreme,4,70,354
GA,extreme,4,71,354
GA,extreme,4,72,354
GA,extreme,4,73,354
GA,extreme,4,74,354
GA,extreme,4,75,354
GA,extreme,4,76,354
GA,extreme,4,77,354
GA,extreme,4,78,354
GA,extreme,4,79,354
GA,extreme,4,80,354
SLGA,extreme,4,0,354
SLGA,extreme,4,1,354
SLGA,extreme,4,2,354
SLGA,extreme,4,3,354
SLGA,extreme,4,4,354
SLGA,extreme,4,5,354
SLGA,extreme,4,6,354
SLGA,extreme,4,7,354
SLGA,extreme,4,8,354
SLGA,extreme,4,9,354
SLGA,extreme,4,10,354
SLGA,extreme,4,11,354
SLGA,extreme,4,12,354
SLGA,extreme,4,13,354
SLGA,extreme,4,14,354
SLGA,extreme,4,15,354
SLGA,extreme,4,16,354
SLGA,extreme,4,17,354
SLGA,extreme,4,18,354
SLGA,extreme,4,19,354
SLGA,extreme,4,20,354
SLGA,extreme,4,21,354
SLGA,extreme,4,22,354
SLGA,extreme,4,23,354
SLGA,extreme,4,24,354
SLGA,extreme,4,25,354
SLGA,extreme,4,26,354
SLGA,extreme,4,27,354
SLGA,extreme,4,28,354
SLGA,extreme,4,29,354
SLGA,extreme,4,30,354
SLGA,extreme,4,31,354
SLGA,extreme,4,32,354
SLGA,extreme,4,33,354
SLGA,extreme,4,34,354
SLGA,extreme,4,35,354
SLGA,extreme,4,36,354
SLGA,extreme,4,37,354
SLGA,extreme,4,38,354
SLGA,extreme,4,39,354
SLGA,extreme,4,40,354
SLGA,extreme,4,41,354
SLGA,extreme,4,42,354
SLGA,extreme,4,43,354
SLGA,extreme,4,44,354
SLGA,extreme,4,45,354
SLGA,extreme,4,46,354
SLGA,extreme,4,47,354
SLGA,extreme,4,48,354
SLGA,extreme,4,49,354
SLGA,extreme,4,50,354
SLGA,extreme,4,51,354
SLGA,extreme,4,52,354
SLGA,extreme,4,53,354
SLGA,extreme,4,54,354
SLGA,extreme,4,55,354
SLGA,extreme,4,56,354
SLGA,extreme,4,57,354
SLGA,extreme,4,58,354
SLGA,extreme,4,59,354
SLGA,extreme,4,60,354
SLGA,extreme,4,61,354
SLGA,extreme,4,62,354
SLGA,extreme,4,63,354
SLGA,extreme,4,64,354
SLGA,extreme,4,65,354
SLGA,extreme,4,66,354
SLGA,extreme,4,67,354
SLGA,extreme,4,68,354
SLGA,extreme,4,69,354
SLGA,extreme,4,70,354
SLGA,extreme,4,71,354
SLGA,extreme,4,72,354
SLGA,extreme,4,73,354
SLGA,extreme,4,74,354
SLGA,extreme,4,75,354
SLGA,extreme,4,76,354
SLGA,extreme,4,77,354
SLGA,extreme,4,78,354
SLGA,extreme,4,79,354
SLGA,extreme,4,80,354
GA,extreme,5,0,556
GA,extreme,5,1,556
GA,extreme,5,2,556
GA,extreme,5,3,556
GA,extreme,5,4,556
GA,extreme,5,5,556
GA,extreme,5,6,556
GA,extreme,5,7,556
GA,extreme,5,8,556
GA,extreme,5,9,556
GA,extreme,5,10,556
GA,extreme,5,11,556
GA,extreme,5,12,556
GA,extreme,5,13,556
GA,extreme,5,14,556
GA,extreme,5,15,556
GA,extreme,5,16,556
GA,extreme,5,17,556
GA,extreme,5,18,556
GA,extreme,5,19,556
GA,extreme,5,20,556
GA,extreme,5,21,556
GA,extreme,5,22,556
GA,extreme,5,23,556
GA,extreme,5,24,556
GA,extreme,5,25,556
GA,extreme,5,26,556
GA,extreme,5,27,556
GA,extreme,5,28,556
GA,extreme,5,29,556
GA,extreme,5,30,556
GA,extreme,5,31,556
GA,extreme,5,32,556
GA,extreme,5,33,556
GA,extreme,5,34,556
GA,extreme,5,35,556
GA,extreme,5,36,556
GA,extreme,5,37,556
GA,extreme,5,38,556
GA,extreme,5,39,556
GA,extreme,5,40,556
GA,extreme,5,41,556
GA,extreme,5,42,556
GA,extreme,5,43,556
GA,extreme,5,44,556
GA,extreme,5,45,556
GA,extreme,5,46,556
GA,extreme,5,47,556
GA,extreme,5,48,556
GA,extreme,5,49,556
GA,extreme,5,50,556
GA,extreme,5,51,556
GA,extreme,5,52,556
GA,extreme,5,53,556
GA,extreme,5,54,556
GA,extreme,5,55,556
GA,extreme,5,56,556
GA,extreme,5,57,556
GA,extreme,5,58,556
GA,extreme,5,59,556
GA,extreme,5,60,556
GA,extreme,5,61,556
GA,extreme,5,62,556
GA,extreme,5,63,556
GA,extreme,5,64,556
GA,extreme,5,65,556
GA,extreme,5,66,556
GA,extreme,5,67,556
GA,extreme,5,68,556
GA,extreme,5,69,556
GA,extreme,5,70,556
GA,extreme,5,71,556
GA,extreme,5,72,556
GA,extreme,5,73,556
GA,extreme,5,74,556
GA,extreme,5,75,556
GA,extreme,5,76,556
GA,extreme,5,77,556
GA,extreme,5,78,556
GA,extreme,5,79,556
GA,extreme,5,80,556
SLGA,extreme,5,0,556
SLGA,extreme,5,1,556
SLGA,extreme,5,2,556
SLGA,extreme,5,3,556
SLGA,extreme,5,4,556
SLGA,extreme,5,5,556
SLGA,extreme,5,6,556
SLGA,extreme,5,7,556
SLGA,extreme,5,8,556
SLGA,extreme,5,9,556
SLGA,extreme,5,10,556
SLGA,extreme,5,11,556
SLGA,extreme,5,12,556
SLGA,extreme,5,13,556
SLGA,extreme,5,14,556
SLGA,extreme,5,15,556
SLGA,extreme,5,16,556
SLGA,extreme,5,17,556
SLGA,extreme,5,18,556
SLGA,extreme,5,19,556
SLGA,extreme,5,20,556
SLGA,extreme,5,21,556
SLGA,extreme,5,22,556
SLGA,extreme,5,23,556
SLGA,extreme,5,24,556
SLGA,extreme,5,25,556
SLGA,extreme,5,26,556
SLGA,extreme,5,27,556
SLGA,extreme,5,28,556
SLGA,extreme,5,29,556
SLGA,extreme,5,30,556
SLGA,extreme,5,31,556
SLGA,extreme,5,32,556
SLGA,extreme,5,33,556
SLGA,extreme,5,34,556
SLGA,extreme,5,35,556
SLGA,extreme,5,36,556
SLGA,extreme,5,37,556
SLGA,extreme,5,38,556
SLGA,extreme,5,39,556
SLGA,extreme,5,40,556
SLGA,extreme,5,41,556
SLGA,extreme,5,42,556
SLGA,extreme,5,43,556
SLGA,extreme,5,44,556
SLGA,extreme,5,45,556
SLGA,extreme,5,46,556
SLGA,extreme,5,47,556
SLGA,extreme,5,48,556
SLGA,extreme,5,49,556
SLGA,extreme,5,50,556
SLGA,extreme,5,51,556
SLGA,extreme,5,52,556
SLGA,extreme,5,53,556
SLGA,extreme,5,54,556
SLGA,extreme,5,55,556
SLGA,extreme,5,56,556
SLGA,extreme,5,57,556
SLGA,extreme,5,58,556
SLGA,extreme,5,59,556
SLGA,extreme,5,60,556
SLGA,extreme,5,61,556
SLGA,extreme,5,62,556
SLGA,extreme,5,63,556
SLGA,extreme,5,64,556
SLGA,extreme,5,65,556
SLGA,extreme,5,66,556
SLGA,extreme,5,67,556
SLGA,extreme,5,68,556
SLGA,extreme,5,69,556
SLGA,extreme,5,70,556
SLGA,extreme,5,71,556
SLGA,extreme,5,72,556
SLGA,extreme,5,73,556
SLGA,extreme,5,74,556
SLGA,extreme,5,75,556
SLGA,extreme,5,76,556
SLGA,extreme,5,77,556
SLGA,extreme,5,78,556
SLGA,extreme,5,79,556
SLGA,extreme,5,80,556
